DELETE FROM public.workspaces WHERE name = 'default';

INSERT INTO public.workspaces (id, name, comment, created_at, meta, config) VALUES ('909a6f0d-67eb-4fd5-affb-47a59fafd5f3', 'default', NULL, '2023-08-12 16:02:31+00', NULL, NULL);

INSERT INTO public.consumers (id, custom_id, username, created_at, tags, ws_id) VALUES ('4829fc30-9af8-430b-9ea8-a6f41a3bb71e', '5c7cad56dd6a163882c17149', 'root', '2019-03-04 04:45:10+00', NULL, '909a6f0d-67eb-4fd5-affb-47a59fafd5f3');

INSERT INTO public.acls (id, consumer_id, "group", created_at, cache_key, tags, ws_id) VALUES ('a01bbd67-3205-421d-9508-6e697b9c461a', '4829fc30-9af8-430b-9ea8-a6f41a3bb71e', 'root', '2019-03-04 04:45:10+00', NULL, NULL, '909a6f0d-67eb-4fd5-affb-47a59fafd5f3');

INSERT INTO public.basicauth_credentials (id, consumer_id, username, password, created_at, tags, ws_id) VALUES ('6f8c427d-6db2-44af-9dab-ecf6804511f5', '4829fc30-9af8-430b-9ea8-a6f41a3bb71e', 'root', '78eeab3177089f3a738cbbd99dba8949f0954da3', '2022-11-16 09:33:42+00', NULL, '909a6f0d-67eb-4fd5-affb-47a59fafd5f3');

INSERT INTO public.oauth2_credentials (id, name, consumer_id, client_id, client_secret, created_at, redirect_uris, tags, client_type, hash_secret, ws_id) VALUES ('2f2a9645-9b95-4242-b295-30905e170998', 'kong.ketitik.com', '4829fc30-9af8-430b-9ea8-a6f41a3bb71e', 'VXBuj1RSSkxmODrRVRztxW2tUMNi1qwp', 'tPDJ8wsLLesIQ42Zv1TYeh4tU44LeX12', '2019-03-04 04:45:10+00', '{http://localhost.com}', NULL, NULL, NULL, '909a6f0d-67eb-4fd5-affb-47a59fafd5f3');

INSERT INTO public.services (id, created_at, updated_at, name, retries, protocol, host, port, path, connect_timeout, write_timeout, read_timeout, tags, client_certificate_id, tls_verify, tls_verify_depth, ca_certificates, ws_id) VALUES ('5aa19223-7924-4977-a55b-275792a9a486', '2018-09-28 09:18:17+00', '2018-09-28 09:18:17+00', 'forecasting-api', 5, 'http', 'forecasting-api', 8002, NULL, 60000, 60000, 60000, NULL, NULL, NULL, NULL, NULL, '909a6f0d-67eb-4fd5-affb-47a59fafd5f3');
INSERT INTO public.services (id, created_at, updated_at, name, retries, protocol, host, port, path, connect_timeout, write_timeout, read_timeout, tags, client_certificate_id, tls_verify, tls_verify_depth, ca_certificates, ws_id) VALUES ('dde9966d-a229-4d70-9383-ed5fc4889f19', '2018-12-29 10:56:36+00', '2018-12-30 00:39:15+00', 'nm-bea-controller', 5, 'http', 'nm-bea-controller', 8000, NULL, 60000, 60000, 60000, NULL, NULL, NULL, NULL, NULL, '909a6f0d-67eb-4fd5-affb-47a59fafd5f3');
INSERT INTO public.services (id, created_at, updated_at, name, retries, protocol, host, port, path, connect_timeout, write_timeout, read_timeout, tags, client_certificate_id, tls_verify, tls_verify_depth, ca_certificates, ws_id) VALUES ('9d74378c-8932-4fdd-9c2c-a64d080ce0fd', '2019-09-21 05:54:21+00', '2019-09-23 04:21:12+00', 'nm-host-monitoring', 5, 'http', 'nm-host-monitoring', 8080, NULL, 60000, 60000, 60000, NULL, NULL, NULL, NULL, NULL, '909a6f0d-67eb-4fd5-affb-47a59fafd5f3');
INSERT INTO public.services (id, created_at, updated_at, name, retries, protocol, host, port, path, connect_timeout, write_timeout, read_timeout, tags, client_certificate_id, tls_verify, tls_verify_depth, ca_certificates, ws_id) VALUES ('5f0d41f7-6a36-47fe-a96d-78f466074ecc', '2018-08-29 04:52:50+00', '2022-10-26 03:37:18+00', 'nm-bec-user', 5, 'http', 'nm-bec-user', 8000, NULL, 60000, 60000, 60000, NULL, NULL, NULL, NULL, NULL, '909a6f0d-67eb-4fd5-affb-47a59fafd5f3');
INSERT INTO public.services (id, created_at, updated_at, name, retries, protocol, host, port, path, connect_timeout, write_timeout, read_timeout, tags, client_certificate_id, tls_verify, tls_verify_depth, ca_certificates, ws_id) VALUES ('b0f9e716-f1b6-4d24-af67-81b7edad03e4', '2019-09-03 22:54:26+00', '2022-11-16 08:02:02+00', 'nm-alert-notification', 5, 'http', 'nm-alert-notification', 8000, NULL, 60000, 60000, 60000, NULL, NULL, NULL, NULL, NULL, '909a6f0d-67eb-4fd5-affb-47a59fafd5f3');
INSERT INTO public.services (id, created_at, updated_at, name, retries, protocol, host, port, path, connect_timeout, write_timeout, read_timeout, tags, client_certificate_id, tls_verify, tls_verify_depth, ca_certificates, ws_id) VALUES ('1178f79d-41fb-4daf-99aa-b080bfb3eb77', '2021-09-29 03:03:23+00', '2023-02-09 09:36:02+00', 'nm-bec-ga-network', 5, 'http', 'nm-bec-ga-network', 8000, NULL, 60000, 60000, 60000, NULL, NULL, NULL, NULL, NULL, '909a6f0d-67eb-4fd5-affb-47a59fafd5f3');
INSERT INTO public.services (id, created_at, updated_at, name, retries, protocol, host, port, path, connect_timeout, write_timeout, read_timeout, tags, client_certificate_id, tls_verify, tls_verify_depth, ca_certificates, ws_id) VALUES ('b92d5dd1-a632-4e82-996d-51e035dabdf8', '2021-09-29 03:03:48+00', '2023-02-09 09:44:52+00', 'nm-bec-ga-website', 5, 'http', 'nm-bec-ga-website', 8000, NULL, 60000, 60000, 60000, NULL, NULL, NULL, NULL, NULL, '909a6f0d-67eb-4fd5-affb-47a59fafd5f3');
INSERT INTO public.services (id, created_at, updated_at, name, retries, protocol, host, port, path, connect_timeout, write_timeout, read_timeout, tags, client_certificate_id, tls_verify, tls_verify_depth, ca_certificates, ws_id) VALUES ('ac0bacd8-d8f3-4d7f-8b0b-267c462288bb', '2022-01-31 03:39:41+00', '2023-05-08 08:07:31+00', 'nm-bec-ga-server', 5, 'http', 'nm-bec-ga-server', 8000, NULL, 60000, 60000, 60000, NULL, NULL, NULL, NULL, NULL, '909a6f0d-67eb-4fd5-affb-47a59fafd5f3');
INSERT INTO public.services (id, created_at, updated_at, name, retries, protocol, host, port, path, connect_timeout, write_timeout, read_timeout, tags, client_certificate_id, tls_verify, tls_verify_depth, ca_certificates, ws_id) VALUES ('0f951039-270b-4a46-8e4a-af0a2faea12e', '2023-08-12 17:25:23+00', '2023-08-12 17:25:23+00', 'aether-netmonk-frontend-container', 5, 'http', 'aether-netmonk-frontend-container', 80, NULL, 60000, 60000, 60000, NULL, NULL, NULL, NULL, NULL, '909a6f0d-67eb-4fd5-affb-47a59fafd5f3');

INSERT INTO public.routes (id, created_at, updated_at, protocols, methods, hosts, paths, regex_priority, strip_path, preserve_host, service_id, name, snis, sources, destinations, tags, https_redirect_status_code, headers, path_handling, ws_id, request_buffering, response_buffering) VALUES ('250de7c9-5946-42e5-8ecf-8674c1085af5', '2019-10-11 13:05:27+00', '2021-09-29 03:57:03+00', '{http,https}', '{GET,OPTIONS}', NULL, '{/api/public/img/map}', 0, false, false, '1178f79d-41fb-4daf-99aa-b080bfb3eb77', NULL, NULL, NULL, NULL, NULL, NULL, NULL, 'v1', '909a6f0d-67eb-4fd5-affb-47a59fafd5f3', NULL, NULL);
INSERT INTO public.routes (id, created_at, updated_at, protocols, methods, hosts, paths, regex_priority, strip_path, preserve_host, service_id, name, snis, sources, destinations, tags, https_redirect_status_code, headers, path_handling, ws_id, request_buffering, response_buffering) VALUES ('a57eabce-0db0-4dfb-b999-82962ec0db53', '2022-11-10 02:31:58+00', '2022-11-16 09:03:06+00', '{http,https}', '{GET,OPTIONS}', NULL, '{/api/network/inventory/map}', 0, false, false, '1178f79d-41fb-4daf-99aa-b080bfb3eb77', NULL, NULL, NULL, NULL, NULL, NULL, NULL, 'v1', '909a6f0d-67eb-4fd5-affb-47a59fafd5f3', NULL, NULL);
INSERT INTO public.routes (id, created_at, updated_at, protocols, methods, hosts, paths, regex_priority, strip_path, preserve_host, service_id, name, snis, sources, destinations, tags, https_redirect_status_code, headers, path_handling, ws_id, request_buffering, response_buffering) VALUES ('bfbbc6ef-fa13-4e67-8808-4d3a693379db', '2019-01-01 10:34:35+00', '2022-11-16 09:22:32+00', '{http,https}', '{GET,OPTIONS}', NULL, '{/api/network/inventory/node}', 0, false, false, '1178f79d-41fb-4daf-99aa-b080bfb3eb77', NULL, NULL, NULL, NULL, NULL, NULL, NULL, 'v1', '909a6f0d-67eb-4fd5-affb-47a59fafd5f3', NULL, NULL);
INSERT INTO public.routes (id, created_at, updated_at, protocols, methods, hosts, paths, regex_priority, strip_path, preserve_host, service_id, name, snis, sources, destinations, tags, https_redirect_status_code, headers, path_handling, ws_id, request_buffering, response_buffering) VALUES ('9293e239-f924-4e74-9451-945ca43bf624', '2022-03-28 02:28:28+00', '2022-03-28 09:28:14+00', '{http,https}', '{GET,OPTIONS}', NULL, '{/api/public/controller/server}', 0, false, false, 'dde9966d-a229-4d70-9383-ed5fc4889f19', NULL, NULL, NULL, NULL, NULL, NULL, NULL, 'v1', '909a6f0d-67eb-4fd5-affb-47a59fafd5f3', NULL, NULL);
INSERT INTO public.routes (id, created_at, updated_at, protocols, methods, hosts, paths, regex_priority, strip_path, preserve_host, service_id, name, snis, sources, destinations, tags, https_redirect_status_code, headers, path_handling, ws_id, request_buffering, response_buffering) VALUES ('308d2c6f-c699-4d7d-bbbc-f15ca364e912', '2022-10-25 09:34:55+00', '2022-11-16 09:23:26+00', '{http,https}', '{POST,PUT,DELETE,OPTIONS}', NULL, '{/api/user-group}', 0, false, false, '5f0d41f7-6a36-47fe-a96d-78f466074ecc', NULL, NULL, NULL, NULL, NULL, NULL, NULL, 'v1', '909a6f0d-67eb-4fd5-affb-47a59fafd5f3', NULL, NULL);
INSERT INTO public.routes (id, created_at, updated_at, protocols, methods, hosts, paths, regex_priority, strip_path, preserve_host, service_id, name, snis, sources, destinations, tags, https_redirect_status_code, headers, path_handling, ws_id, request_buffering, response_buffering) VALUES ('67d97772-207c-4946-a499-f081ec6d8ce6', '2019-04-15 03:23:59+00', '2021-09-29 03:57:03+00', '{http,https}', '{GET,OPTIONS}', NULL, '{/api/network/reporting}', 0, false, false, '1178f79d-41fb-4daf-99aa-b080bfb3eb77', NULL, NULL, NULL, NULL, NULL, NULL, NULL, 'v1', '909a6f0d-67eb-4fd5-affb-47a59fafd5f3', NULL, NULL);
INSERT INTO public.routes (id, created_at, updated_at, protocols, methods, hosts, paths, regex_priority, strip_path, preserve_host, service_id, name, snis, sources, destinations, tags, https_redirect_status_code, headers, path_handling, ws_id, request_buffering, response_buffering) VALUES ('8d7be931-0737-4153-9954-dcaaf66c565a', '2019-09-21 06:04:07+00', '2021-09-29 03:57:03+00', '{http,https}', '{GET,OPTIONS}', NULL, '{/api/host-monitoring}', 0, false, false, '9d74378c-8932-4fdd-9c2c-a64d080ce0fd', NULL, NULL, NULL, NULL, NULL, NULL, NULL, 'v1', '909a6f0d-67eb-4fd5-affb-47a59fafd5f3', NULL, NULL);
INSERT INTO public.routes (id, created_at, updated_at, protocols, methods, hosts, paths, regex_priority, strip_path, preserve_host, service_id, name, snis, sources, destinations, tags, https_redirect_status_code, headers, path_handling, ws_id, request_buffering, response_buffering) VALUES ('1ad9440b-23ee-4996-af86-5bccfbd36f1c', '2019-10-03 07:51:40+00', '2021-09-29 03:57:03+00', '{http,https}', '{POST,PUT,DELETE,OPTIONS}', NULL, '{/api/network/reporting}', 0, false, false, '1178f79d-41fb-4daf-99aa-b080bfb3eb77', NULL, NULL, NULL, NULL, NULL, NULL, NULL, 'v1', '909a6f0d-67eb-4fd5-affb-47a59fafd5f3', NULL, NULL);
INSERT INTO public.routes (id, created_at, updated_at, protocols, methods, hosts, paths, regex_priority, strip_path, preserve_host, service_id, name, snis, sources, destinations, tags, https_redirect_status_code, headers, path_handling, ws_id, request_buffering, response_buffering) VALUES ('a1e272d6-28de-46be-9edd-3100fa014ab3', '2021-09-29 03:33:55+00', '2022-11-16 08:55:35+00', '{http,https}', '{GET,OPTIONS}', NULL, '{/api/website/monitoring}', 0, false, false, 'b92d5dd1-a632-4e82-996d-51e035dabdf8', NULL, NULL, NULL, NULL, NULL, NULL, NULL, 'v1', '909a6f0d-67eb-4fd5-affb-47a59fafd5f3', NULL, NULL);
INSERT INTO public.routes (id, created_at, updated_at, protocols, methods, hosts, paths, regex_priority, strip_path, preserve_host, service_id, name, snis, sources, destinations, tags, https_redirect_status_code, headers, path_handling, ws_id, request_buffering, response_buffering) VALUES ('95f35755-1e96-489e-9de3-6bcf9c623602', '2022-11-10 02:31:10+00', '2022-11-16 09:03:06+00', '{http,https}', '{GET,OPTIONS}', NULL, '{/api/network/inventory/probe}', 0, false, false, '1178f79d-41fb-4daf-99aa-b080bfb3eb77', NULL, NULL, NULL, NULL, NULL, NULL, NULL, 'v1', '909a6f0d-67eb-4fd5-affb-47a59fafd5f3', NULL, NULL);
INSERT INTO public.routes (id, created_at, updated_at, protocols, methods, hosts, paths, regex_priority, strip_path, preserve_host, service_id, name, snis, sources, destinations, tags, https_redirect_status_code, headers, path_handling, ws_id, request_buffering, response_buffering) VALUES ('9b6d41d7-a3e6-4a62-aa1a-04b99ce5d001', '2022-11-10 02:47:09+00', '2022-11-16 09:03:05+00', '{http,https}', '{GET,OPTIONS}', NULL, '{/api/website/inventory/probe}', 0, false, false, 'b92d5dd1-a632-4e82-996d-51e035dabdf8', NULL, NULL, NULL, NULL, NULL, NULL, NULL, 'v1', '909a6f0d-67eb-4fd5-affb-47a59fafd5f3', NULL, NULL);
INSERT INTO public.routes (id, created_at, updated_at, protocols, methods, hosts, paths, regex_priority, strip_path, preserve_host, service_id, name, snis, sources, destinations, tags, https_redirect_status_code, headers, path_handling, ws_id, request_buffering, response_buffering) VALUES ('d09ce495-381f-402f-af36-7b6c94d5e3b7', '2021-09-29 03:19:06+00', '2021-09-29 03:19:06+00', '{http,https}', '{POST,PUT,DELETE,OPTIONS}', NULL, '{/api/website/inventory}', 0, false, false, 'b92d5dd1-a632-4e82-996d-51e035dabdf8', NULL, NULL, NULL, NULL, NULL, NULL, NULL, 'v1', '909a6f0d-67eb-4fd5-affb-47a59fafd5f3', NULL, NULL);
INSERT INTO public.routes (id, created_at, updated_at, protocols, methods, hosts, paths, regex_priority, strip_path, preserve_host, service_id, name, snis, sources, destinations, tags, https_redirect_status_code, headers, path_handling, ws_id, request_buffering, response_buffering) VALUES ('1bcba7b9-0e8d-4aa6-b733-1d399eaf6b0d', '2022-07-29 03:42:40+00', '2022-10-31 08:36:37+00', '{http,https}', '{GET,OPTIONS}', NULL, '{/api/subscription}', 0, false, false, '5f0d41f7-6a36-47fe-a96d-78f466074ecc', NULL, NULL, NULL, NULL, NULL, NULL, NULL, 'v1', '909a6f0d-67eb-4fd5-affb-47a59fafd5f3', NULL, NULL);
INSERT INTO public.routes (id, created_at, updated_at, protocols, methods, hosts, paths, regex_priority, strip_path, preserve_host, service_id, name, snis, sources, destinations, tags, https_redirect_status_code, headers, path_handling, ws_id, request_buffering, response_buffering) VALUES ('b713be31-f7ff-4f80-a26c-284ebf6c39d4', '2019-09-03 22:56:46+00', '2022-11-16 08:35:07+00', '{http,https}', '{POST,PUT,DELETE,OPTIONS}', NULL, '{/api/alert}', 0, false, false, 'b0f9e716-f1b6-4d24-af67-81b7edad03e4', NULL, NULL, NULL, NULL, NULL, NULL, NULL, 'v1', '909a6f0d-67eb-4fd5-affb-47a59fafd5f3', NULL, NULL);
INSERT INTO public.routes (id, created_at, updated_at, protocols, methods, hosts, paths, regex_priority, strip_path, preserve_host, service_id, name, snis, sources, destinations, tags, https_redirect_status_code, headers, path_handling, ws_id, request_buffering, response_buffering) VALUES ('172d3563-36af-4342-bd7b-0e599cf42f9b', '2022-11-08 03:52:19+00', '2022-11-08 03:52:19+00', '{http,https}', '{POST,PUT,DELETE,OPTIONS}', NULL, '{/api/network/inventory/probe}', 0, false, false, '1178f79d-41fb-4daf-99aa-b080bfb3eb77', NULL, NULL, NULL, NULL, NULL, NULL, NULL, 'v1', '909a6f0d-67eb-4fd5-affb-47a59fafd5f3', NULL, NULL);
INSERT INTO public.routes (id, created_at, updated_at, protocols, methods, hosts, paths, regex_priority, strip_path, preserve_host, service_id, name, snis, sources, destinations, tags, https_redirect_status_code, headers, path_handling, ws_id, request_buffering, response_buffering) VALUES ('bbab5694-34dd-41ba-bfda-9e4941ce3d45', '2022-11-10 02:47:09+00', '2023-02-09 08:25:31+00', '{http,https}', '{POST,PUT,DELETE,OPTIONS}', NULL, '{/api/website/inventory/probe}', 0, false, false, 'b92d5dd1-a632-4e82-996d-51e035dabdf8', NULL, NULL, NULL, NULL, NULL, NULL, NULL, 'v1', '909a6f0d-67eb-4fd5-affb-47a59fafd5f3', NULL, NULL);
INSERT INTO public.routes (id, created_at, updated_at, protocols, methods, hosts, paths, regex_priority, strip_path, preserve_host, service_id, name, snis, sources, destinations, tags, https_redirect_status_code, headers, path_handling, ws_id, request_buffering, response_buffering) VALUES ('464e56ca-6652-4160-ad6d-a773bc64bdb2', '2022-11-10 02:31:58+00', '2022-12-12 09:45:42+00', '{http,https}', '{GET,POST,PUT,DELETE,OPTIONS}', NULL, '{/api/network/inventory/gateway}', 0, false, false, '1178f79d-41fb-4daf-99aa-b080bfb3eb77', NULL, NULL, NULL, NULL, NULL, NULL, NULL, 'v1', '909a6f0d-67eb-4fd5-affb-47a59fafd5f3', NULL, NULL);
INSERT INTO public.routes (id, created_at, updated_at, protocols, methods, hosts, paths, regex_priority, strip_path, preserve_host, service_id, name, snis, sources, destinations, tags, https_redirect_status_code, headers, path_handling, ws_id, request_buffering, response_buffering) VALUES ('cf6535a7-886f-4ab4-8b5a-c2eb3e766d0a', '2018-08-29 06:21:02+00', '2021-09-29 03:57:03+00', '{http,https}', '{POST,OPTIONS}', NULL, '{/api/login}', 0, false, false, '5f0d41f7-6a36-47fe-a96d-78f466074ecc', NULL, NULL, NULL, NULL, NULL, NULL, NULL, 'v1', '909a6f0d-67eb-4fd5-affb-47a59fafd5f3', NULL, NULL);
INSERT INTO public.routes (id, created_at, updated_at, protocols, methods, hosts, paths, regex_priority, strip_path, preserve_host, service_id, name, snis, sources, destinations, tags, https_redirect_status_code, headers, path_handling, ws_id, request_buffering, response_buffering) VALUES ('765286f3-6c96-4794-a563-4349a9f2bc5d', '2018-08-29 06:23:37+00', '2021-09-29 03:57:03+00', '{http,https}', '{GET,POST,PUT,DELETE,OPTIONS}', NULL, '{/api/user}', 0, false, false, '5f0d41f7-6a36-47fe-a96d-78f466074ecc', NULL, NULL, NULL, NULL, NULL, NULL, NULL, 'v1', '909a6f0d-67eb-4fd5-affb-47a59fafd5f3', NULL, NULL);
INSERT INTO public.routes (id, created_at, updated_at, protocols, methods, hosts, paths, regex_priority, strip_path, preserve_host, service_id, name, snis, sources, destinations, tags, https_redirect_status_code, headers, path_handling, ws_id, request_buffering, response_buffering) VALUES ('80e1fd4c-245c-482d-9fce-575353103887', '2022-11-16 08:56:02+00', '2022-11-16 08:56:02+00', '{http,https}', '{POST,PUT,DELETE,OPTIONS}', NULL, '{/api/website/monitoring}', 0, false, false, 'b92d5dd1-a632-4e82-996d-51e035dabdf8', NULL, NULL, NULL, NULL, NULL, NULL, NULL, 'v1', '909a6f0d-67eb-4fd5-affb-47a59fafd5f3', NULL, NULL);
INSERT INTO public.routes (id, created_at, updated_at, protocols, methods, hosts, paths, regex_priority, strip_path, preserve_host, service_id, name, snis, sources, destinations, tags, https_redirect_status_code, headers, path_handling, ws_id, request_buffering, response_buffering) VALUES ('14891f21-ae65-4f33-a0e4-d20c05244c17', '2018-08-29 06:24:51+00', '2022-11-16 09:19:31+00', '{http,https}', '{POST,PUT,DELETE,OPTIONS}', NULL, '{/api/network/inventory/node}', 0, false, false, '1178f79d-41fb-4daf-99aa-b080bfb3eb77', NULL, NULL, NULL, NULL, NULL, NULL, NULL, 'v1', '909a6f0d-67eb-4fd5-affb-47a59fafd5f3', NULL, NULL);
INSERT INTO public.routes (id, created_at, updated_at, protocols, methods, hosts, paths, regex_priority, strip_path, preserve_host, service_id, name, snis, sources, destinations, tags, https_redirect_status_code, headers, path_handling, ws_id, request_buffering, response_buffering) VALUES ('729ef8c4-24ca-479b-98cb-967a7033e107', '2018-09-28 09:18:57+00', '2021-09-29 03:57:03+00', '{http,https}', '{GET,OPTIONS}', NULL, '{/api/forecasting}', 0, false, false, '5aa19223-7924-4977-a55b-275792a9a486', NULL, NULL, NULL, NULL, NULL, NULL, NULL, 'v1', '909a6f0d-67eb-4fd5-affb-47a59fafd5f3', NULL, NULL);
INSERT INTO public.routes (id, created_at, updated_at, protocols, methods, hosts, paths, regex_priority, strip_path, preserve_host, service_id, name, snis, sources, destinations, tags, https_redirect_status_code, headers, path_handling, ws_id, request_buffering, response_buffering) VALUES ('10a67dd5-7ecb-4119-a989-7d4c478f2b2b', '2018-12-29 11:07:53+00', '2021-09-29 03:57:03+00', '{http,https}', '{POST,PUT,OPTIONS}', NULL, '{/api/controller}', 0, false, false, 'dde9966d-a229-4d70-9383-ed5fc4889f19', NULL, NULL, NULL, NULL, NULL, NULL, NULL, 'v1', '909a6f0d-67eb-4fd5-affb-47a59fafd5f3', NULL, NULL);
INSERT INTO public.routes (id, created_at, updated_at, protocols, methods, hosts, paths, regex_priority, strip_path, preserve_host, service_id, name, snis, sources, destinations, tags, https_redirect_status_code, headers, path_handling, ws_id, request_buffering, response_buffering) VALUES ('3e6927d8-1b94-4ec9-b55b-631542130d6f', '2022-10-25 09:32:55+00', '2022-10-25 09:32:55+00', '{http,https}', '{GET,OPTIONS}', NULL, '{/api/user-group}', 0, false, false, '5f0d41f7-6a36-47fe-a96d-78f466074ecc', NULL, NULL, NULL, NULL, NULL, NULL, NULL, 'v1', '909a6f0d-67eb-4fd5-affb-47a59fafd5f3', NULL, NULL);
INSERT INTO public.routes (id, created_at, updated_at, protocols, methods, hosts, paths, regex_priority, strip_path, preserve_host, service_id, name, snis, sources, destinations, tags, https_redirect_status_code, headers, path_handling, ws_id, request_buffering, response_buffering) VALUES ('d5bc919d-b60f-490a-bbfc-f9f652b8ac07', '2022-11-10 02:47:09+00', '2022-11-16 09:03:06+00', '{http,https}', '{GET,OPTIONS}', NULL, '{/api/website/inventory/website}', 0, false, false, 'b92d5dd1-a632-4e82-996d-51e035dabdf8', NULL, NULL, NULL, NULL, NULL, NULL, NULL, 'v1', '909a6f0d-67eb-4fd5-affb-47a59fafd5f3', NULL, NULL);
INSERT INTO public.routes (id, created_at, updated_at, protocols, methods, hosts, paths, regex_priority, strip_path, preserve_host, service_id, name, snis, sources, destinations, tags, https_redirect_status_code, headers, path_handling, ws_id, request_buffering, response_buffering) VALUES ('2cbe59fe-5a6a-4792-b715-a97b43ad90b4', '2023-09-10 22:31:05+00', '2023-09-10 22:31:05+00', '{http,https}', '{POST,OPTIONS}', NULL, '{/api/network/inventory/storage/monitoring-status}', 0, false, false, '1178f79d-41fb-4daf-99aa-b080bfb3eb77', NULL, NULL, NULL, NULL, NULL, 426, NULL, 'v1', '909a6f0d-67eb-4fd5-affb-47a59fafd5f3', true, true);
INSERT INTO public.routes (id, created_at, updated_at, protocols, methods, hosts, paths, regex_priority, strip_path, preserve_host, service_id, name, snis, sources, destinations, tags, https_redirect_status_code, headers, path_handling, ws_id, request_buffering, response_buffering) VALUES ('08476344-7899-4dac-94fe-745bbc81ffed', '2023-02-10 01:37:56+00', '2023-02-10 01:37:56+00', '{http,https}', '{POST,PUT,DELETE,OPTIONS}', NULL, '{/api/server/reporting}', 0, false, false, 'ac0bacd8-d8f3-4d7f-8b0b-267c462288bb', NULL, NULL, NULL, NULL, NULL, NULL, NULL, 'v1', '909a6f0d-67eb-4fd5-affb-47a59fafd5f3', NULL, NULL);
INSERT INTO public.routes (id, created_at, updated_at, protocols, methods, hosts, paths, regex_priority, strip_path, preserve_host, service_id, name, snis, sources, destinations, tags, https_redirect_status_code, headers, path_handling, ws_id, request_buffering, response_buffering) VALUES ('ddf250a4-d1d9-4f8f-96b8-6d0465d7756c', '2023-02-10 01:38:59+00', '2023-02-10 01:38:59+00', '{http,https}', '{POST,PUT,DELETE,OPTIONS}', NULL, '{/api/website/reporting}', 0, false, false, 'b92d5dd1-a632-4e82-996d-51e035dabdf8', NULL, NULL, NULL, NULL, NULL, NULL, NULL, 'v1', '909a6f0d-67eb-4fd5-affb-47a59fafd5f3', NULL, NULL);
INSERT INTO public.routes (id, created_at, updated_at, protocols, methods, hosts, paths, regex_priority, strip_path, preserve_host, service_id, name, snis, sources, destinations, tags, https_redirect_status_code, headers, path_handling, ws_id, request_buffering, response_buffering) VALUES ('2677a4b9-e85b-45f7-bd57-364c36624dfd', '2020-09-15 03:40:06+00', '2021-09-29 03:57:03+00', '{http,https}', '{GET,OPTIONS}', NULL, '{/api/network/v2/monitoring}', 0, false, false, '1178f79d-41fb-4daf-99aa-b080bfb3eb77', NULL, NULL, NULL, NULL, NULL, NULL, NULL, 'v1', '909a6f0d-67eb-4fd5-affb-47a59fafd5f3', NULL, NULL);
INSERT INTO public.routes (id, created_at, updated_at, protocols, methods, hosts, paths, regex_priority, strip_path, preserve_host, service_id, name, snis, sources, destinations, tags, https_redirect_status_code, headers, path_handling, ws_id, request_buffering, response_buffering) VALUES ('7ee2390a-b3f8-49ed-9e07-ed27a92de33c', '2021-09-21 05:44:58+00', '2023-02-09 03:42:18+00', '{http,https}', '{GET,OPTIONS}', NULL, '{/api/network/monitoring}', 0, false, false, '1178f79d-41fb-4daf-99aa-b080bfb3eb77', NULL, NULL, NULL, NULL, NULL, NULL, NULL, 'v1', '909a6f0d-67eb-4fd5-affb-47a59fafd5f3', NULL, NULL);
INSERT INTO public.routes (id, created_at, updated_at, protocols, methods, hosts, paths, regex_priority, strip_path, preserve_host, service_id, name, snis, sources, destinations, tags, https_redirect_status_code, headers, path_handling, ws_id, request_buffering, response_buffering) VALUES ('cbbd4edb-dd83-4e30-9c0d-e484e079bb0a', '2021-09-29 03:09:22+00', '2021-09-29 03:09:22+00', '{http,https}', '{GET,OPTIONS}', NULL, '{/api/website/inventory}', 0, false, false, 'b92d5dd1-a632-4e82-996d-51e035dabdf8', NULL, NULL, NULL, NULL, NULL, NULL, NULL, 'v1', '909a6f0d-67eb-4fd5-affb-47a59fafd5f3', NULL, NULL);
INSERT INTO public.routes (id, created_at, updated_at, protocols, methods, hosts, paths, regex_priority, strip_path, preserve_host, service_id, name, snis, sources, destinations, tags, https_redirect_status_code, headers, path_handling, ws_id, request_buffering, response_buffering) VALUES ('059e78ba-5077-4fc3-8b62-629172a42de7', '2022-01-11 20:52:35+00', '2023-02-09 03:28:44+00', '{http,https}', '{POST,PUT,DELETE,OPTIONS}', NULL, '{/api/server/inventory}', 0, false, false, 'ac0bacd8-d8f3-4d7f-8b0b-267c462288bb', NULL, NULL, NULL, NULL, NULL, NULL, NULL, 'v1', '909a6f0d-67eb-4fd5-affb-47a59fafd5f3', NULL, NULL);
INSERT INTO public.routes (id, created_at, updated_at, protocols, methods, hosts, paths, regex_priority, strip_path, preserve_host, service_id, name, snis, sources, destinations, tags, https_redirect_status_code, headers, path_handling, ws_id, request_buffering, response_buffering) VALUES ('8be13a13-3134-4ce6-a841-6c86d747e8d2', '2022-01-11 20:53:16+00', '2023-02-09 03:28:09+00', '{http,https}', '{GET,OPTIONS}', NULL, '{/api/server/inventory}', 0, false, false, 'ac0bacd8-d8f3-4d7f-8b0b-267c462288bb', NULL, NULL, NULL, NULL, NULL, NULL, NULL, 'v1', '909a6f0d-67eb-4fd5-affb-47a59fafd5f3', NULL, NULL);
INSERT INTO public.routes (id, created_at, updated_at, protocols, methods, hosts, paths, regex_priority, strip_path, preserve_host, service_id, name, snis, sources, destinations, tags, https_redirect_status_code, headers, path_handling, ws_id, request_buffering, response_buffering) VALUES ('14f67b05-b486-4b86-9b2a-b8c28b3e81fe', '2022-01-31 03:43:44+00', '2023-02-09 03:26:44+00', '{http,https}', '{GET,OPTIONS}', NULL, '{/api/server/monitoring}', 0, false, false, 'ac0bacd8-d8f3-4d7f-8b0b-267c462288bb', NULL, NULL, NULL, NULL, NULL, NULL, NULL, 'v1', '909a6f0d-67eb-4fd5-affb-47a59fafd5f3', NULL, NULL);
INSERT INTO public.routes (id, created_at, updated_at, protocols, methods, hosts, paths, regex_priority, strip_path, preserve_host, service_id, name, snis, sources, destinations, tags, https_redirect_status_code, headers, path_handling, ws_id, request_buffering, response_buffering) VALUES ('d3607272-7d4f-4362-8496-fe6bae4ac63b', '2023-02-10 01:39:07+00', '2023-02-10 01:39:07+00', '{http,https}', '{GET,OPTIONS}', NULL, '{/api/website/reporting}', 0, false, false, 'b92d5dd1-a632-4e82-996d-51e035dabdf8', NULL, NULL, NULL, NULL, NULL, NULL, NULL, 'v1', '909a6f0d-67eb-4fd5-affb-47a59fafd5f3', NULL, NULL);
INSERT INTO public.routes (id, created_at, updated_at, protocols, methods, hosts, paths, regex_priority, strip_path, preserve_host, service_id, name, snis, sources, destinations, tags, https_redirect_status_code, headers, path_handling, ws_id, request_buffering, response_buffering) VALUES ('ecd8196c-cde4-4a35-a984-60eafa599b47', '2023-03-08 03:18:10+00', '2023-03-08 03:18:10+00', '{http,https}', '{POST,OPTIONS}', NULL, '{/api/public/controller/server}', 0, false, false, 'dde9966d-a229-4d70-9383-ed5fc4889f19', NULL, NULL, NULL, NULL, NULL, NULL, NULL, 'v1', '909a6f0d-67eb-4fd5-affb-47a59fafd5f3', NULL, NULL);
INSERT INTO public.routes (id, created_at, updated_at, protocols, methods, hosts, paths, regex_priority, strip_path, preserve_host, service_id, name, snis, sources, destinations, tags, https_redirect_status_code, headers, path_handling, ws_id, request_buffering, response_buffering) VALUES ('fb1c9465-1adc-412e-a4e1-fcdc97454406', '2023-03-08 03:18:22+00', '2023-03-08 03:18:22+00', '{http,https}', '{POST,OPTIONS}', NULL, '{/api/public/controller/probe}', 0, false, false, 'dde9966d-a229-4d70-9383-ed5fc4889f19', NULL, NULL, NULL, NULL, NULL, 426, NULL, 'v1', '909a6f0d-67eb-4fd5-affb-47a59fafd5f3', NULL, NULL);
INSERT INTO public.routes (id, created_at, updated_at, protocols, methods, hosts, paths, regex_priority, strip_path, preserve_host, service_id, name, snis, sources, destinations, tags, https_redirect_status_code, headers, path_handling, ws_id, request_buffering, response_buffering) VALUES ('9607dce8-ab00-4746-8068-9eab9bfc2cf0', '2023-03-08 04:05:29+00', '2023-03-08 04:05:29+00', '{http,https}', '{GET,POST,PUT,DELETE,OPTIONS}', NULL, '{/api/customers}', 0, false, false, '5f0d41f7-6a36-47fe-a96d-78f466074ecc', NULL, NULL, NULL, NULL, NULL, NULL, NULL, 'v1', '909a6f0d-67eb-4fd5-affb-47a59fafd5f3', NULL, NULL);
INSERT INTO public.routes (id, created_at, updated_at, protocols, methods, hosts, paths, regex_priority, strip_path, preserve_host, service_id, name, snis, sources, destinations, tags, https_redirect_status_code, headers, path_handling, ws_id, request_buffering, response_buffering) VALUES ('7a15e306-0337-4e08-aae1-22fb31da2aee', '2023-09-10 22:32:51+00', '2023-09-10 22:32:51+00', '{http,https}', '{POST,OPTIONS}', NULL, '{/api/network/inventory/memory/monitoring-status}', 0, false, false, '1178f79d-41fb-4daf-99aa-b080bfb3eb77', NULL, NULL, NULL, NULL, NULL, 426, NULL, 'v1', '909a6f0d-67eb-4fd5-affb-47a59fafd5f3', true, true);
INSERT INTO public.routes (id, created_at, updated_at, protocols, methods, hosts, paths, regex_priority, strip_path, preserve_host, service_id, name, snis, sources, destinations, tags, https_redirect_status_code, headers, path_handling, ws_id, request_buffering, response_buffering) VALUES ('d7eb88e4-e80e-440a-9eac-7592eee7e9f2', '2023-03-15 08:49:29+00', '2023-03-15 08:49:29+00', '{http,https}', '{GET,OPTIONS}', NULL, '{/api/public/img/logo}', 0, false, false, '5f0d41f7-6a36-47fe-a96d-78f466074ecc', NULL, NULL, NULL, NULL, NULL, NULL, NULL, 'v1', '909a6f0d-67eb-4fd5-affb-47a59fafd5f3', NULL, NULL);
INSERT INTO public.routes (id, created_at, updated_at, protocols, methods, hosts, paths, regex_priority, strip_path, preserve_host, service_id, name, snis, sources, destinations, tags, https_redirect_status_code, headers, path_handling, ws_id, request_buffering, response_buffering) VALUES ('a2758dc7-ddcb-4629-a0e3-54e4adce6842', '2023-09-10 22:34:10+00', '2023-09-10 22:34:10+00', '{http,https}', '{POST,OPTIONS}', NULL, '{/api/network/inventory/diskio/monitoring-status}', 0, false, false, '1178f79d-41fb-4daf-99aa-b080bfb3eb77', NULL, NULL, NULL, NULL, NULL, 426, NULL, 'v1', '909a6f0d-67eb-4fd5-affb-47a59fafd5f3', true, true);
INSERT INTO public.routes (id, created_at, updated_at, protocols, methods, hosts, paths, regex_priority, strip_path, preserve_host, service_id, name, snis, sources, destinations, tags, https_redirect_status_code, headers, path_handling, ws_id, request_buffering, response_buffering) VALUES ('8957238e-b19a-4a2c-8268-7623518e8911', '2019-09-03 22:56:22+00', '2022-11-16 08:05:21+00', '{http,https}', '{GET,OPTIONS}', NULL, '{/api/alert}', 0, false, false, 'b0f9e716-f1b6-4d24-af67-81b7edad03e4', NULL, NULL, NULL, NULL, NULL, NULL, NULL, 'v1', '909a6f0d-67eb-4fd5-affb-47a59fafd5f3', NULL, NULL);
INSERT INTO public.routes (id, created_at, updated_at, protocols, methods, hosts, paths, regex_priority, strip_path, preserve_host, service_id, name, snis, sources, destinations, tags, https_redirect_status_code, headers, path_handling, ws_id, request_buffering, response_buffering) VALUES ('de7c591c-3e47-44e8-99eb-4869fdb279cb', '2023-08-12 17:27:42+00', '2023-08-12 17:30:59+00', '{http,https}', NULL, NULL, '{/,/net-ms/,/web-ms,/server-ms,/general-md}', 0, false, false, '0f951039-270b-4a46-8e4a-af0a2faea12e', NULL, NULL, NULL, NULL, NULL, 426, NULL, NULL, '909a6f0d-67eb-4fd5-affb-47a59fafd5f3', NULL, NULL);
INSERT INTO public.routes (id, created_at, updated_at, protocols, methods, hosts, paths, regex_priority, strip_path, preserve_host, service_id, name, snis, sources, destinations, tags, https_redirect_status_code, headers, path_handling, ws_id, request_buffering, response_buffering) VALUES ('0883859a-9d98-4d6f-9025-4b4eb0590958', '2023-05-25 08:28:40+00', '2023-05-25 08:28:40+00', '{http,https}', '{POST,OPTIONS}', NULL, '{/api/network/inventory/link/monitoring-status}', 0, false, false, '1178f79d-41fb-4daf-99aa-b080bfb3eb77', NULL, NULL, NULL, NULL, NULL, NULL, NULL, 'v1', '909a6f0d-67eb-4fd5-affb-47a59fafd5f3', NULL, NULL);
INSERT INTO public.routes (id, created_at, updated_at, protocols, methods, hosts, paths, regex_priority, strip_path, preserve_host, service_id, name, snis, sources, destinations, tags, https_redirect_status_code, headers, path_handling, ws_id, request_buffering, response_buffering) VALUES ('8f077c89-156f-46b7-b3e3-7d3d6f10ec78', '2022-11-10 02:31:58+00', '2022-11-16 09:14:03+00', '{http,https}', '{POST,PUT,DELETE,OPTIONS}', NULL, '{/api/network/inventory/map}', 0, false, false, '1178f79d-41fb-4daf-99aa-b080bfb3eb77', NULL, NULL, NULL, NULL, NULL, NULL, NULL, 'v1', '909a6f0d-67eb-4fd5-affb-47a59fafd5f3', NULL, NULL);
INSERT INTO public.routes (id, created_at, updated_at, protocols, methods, hosts, paths, regex_priority, strip_path, preserve_host, service_id, name, snis, sources, destinations, tags, https_redirect_status_code, headers, path_handling, ws_id, request_buffering, response_buffering) VALUES ('9619d674-e597-4374-a57f-43dd3a77c69b', '2023-02-10 01:37:14+00', '2023-02-10 01:37:14+00', '{http,https}', '{GET,OPTIONS}', NULL, '{/api/server/reporting}', 0, false, false, 'ac0bacd8-d8f3-4d7f-8b0b-267c462288bb', NULL, NULL, NULL, NULL, NULL, NULL, NULL, 'v1', '909a6f0d-67eb-4fd5-affb-47a59fafd5f3', NULL, NULL);
INSERT INTO public.routes (id, created_at, updated_at, protocols, methods, hosts, paths, regex_priority, strip_path, preserve_host, service_id, name, snis, sources, destinations, tags, https_redirect_status_code, headers, path_handling, ws_id, request_buffering, response_buffering) VALUES ('4a8bcf06-d06a-411a-9432-114e574d5e44', '2023-09-10 13:01:14+00', '2023-09-10 13:01:14+00', '{http,https}', '{POST,OPTIONS}', NULL, '{/api/network/inventory/cpu/monitoring-status}', 0, false, false, '1178f79d-41fb-4daf-99aa-b080bfb3eb77', NULL, NULL, NULL, NULL, NULL, 426, NULL, 'v1', '909a6f0d-67eb-4fd5-affb-47a59fafd5f3', true, true);
INSERT INTO public.routes (id, created_at, updated_at, protocols, methods, hosts, paths, regex_priority, strip_path, preserve_host, service_id, name, snis, sources, destinations, tags, https_redirect_status_code, headers, path_handling, ws_id, request_buffering, response_buffering) VALUES ('1f43323d-8748-4fd9-ae13-faa0666820fd', '2023-09-12 09:35:31+00', '2023-09-12 09:35:31+00', '{http,https}', '{POST,OPTIONS}', NULL, '{/api/login/otp/status}', 0, false, false, '5f0d41f7-6a36-47fe-a96d-78f466074ecc', NULL, NULL, NULL, NULL, NULL, 426, NULL, 'v1', '909a6f0d-67eb-4fd5-affb-47a59fafd5f3', true, true);
INSERT INTO public.routes (id, created_at, updated_at, protocols, methods, hosts, paths, regex_priority, strip_path, preserve_host, service_id, name, snis, sources, destinations, tags, https_redirect_status_code, headers, path_handling, ws_id, request_buffering, response_buffering) VALUES ('19fbd628-b8a8-455c-a65b-4a5a06a37c4c', '2023-09-12 09:36:48+00', '2023-09-12 09:36:48+00', '{http,https}', '{POST,OPTIONS}', NULL, '{/api/reset-password}', 0, false, false, '5f0d41f7-6a36-47fe-a96d-78f466074ecc', NULL, NULL, NULL, NULL, NULL, 426, NULL, 'v1', '909a6f0d-67eb-4fd5-affb-47a59fafd5f3', true, true);
INSERT INTO public.routes (id, created_at, updated_at, protocols, methods, hosts, paths, regex_priority, strip_path, preserve_host, service_id, name, snis, sources, destinations, tags, https_redirect_status_code, headers, path_handling, ws_id, request_buffering, response_buffering) VALUES ('dc0bfe06-d9ee-494b-86a9-e8b8a5cfb6b2', '2023-09-12 09:36:11+00', '2023-09-12 09:36:11+00', '{http,https}', '{POST,OPTIONS}', NULL, '{/api/verify-token}', 0, false, false, '5f0d41f7-6a36-47fe-a96d-78f466074ecc', NULL, NULL, NULL, NULL, NULL, 426, NULL, 'v1', '909a6f0d-67eb-4fd5-affb-47a59fafd5f3', true, true);
INSERT INTO public.routes (id, created_at, updated_at, protocols, methods, hosts, paths, regex_priority, strip_path, preserve_host, service_id, name, snis, sources, destinations, tags, https_redirect_status_code, headers, path_handling, ws_id, request_buffering, response_buffering) VALUES ('ad663b73-1dea-4810-a998-022a27772238', '2023-09-12 09:37:14+00', '2023-09-12 09:37:14+00', '{http,https}', '{POST,OPTIONS}', NULL, '{/api/login/otp/validate}', 0, false, false, '5f0d41f7-6a36-47fe-a96d-78f466074ecc', NULL, NULL, NULL, NULL, NULL, 426, NULL, 'v1', '909a6f0d-67eb-4fd5-affb-47a59fafd5f3', true, true);
INSERT INTO public.routes (id, created_at, updated_at, protocols, methods, hosts, paths, regex_priority, strip_path, preserve_host, service_id, name, snis, sources, destinations, tags, https_redirect_status_code, headers, path_handling, ws_id, request_buffering, response_buffering) VALUES ('f834377e-4a19-4dc2-8173-b512ebb8389a', '2023-09-12 09:34:53+00', '2023-09-12 09:34:53+00', '{http,https}', '{POST,OPTIONS}', NULL, '{/api/login/otp}', 0, false, false, '5f0d41f7-6a36-47fe-a96d-78f466074ecc', NULL, NULL, NULL, NULL, NULL, 426, NULL, 'v1', '909a6f0d-67eb-4fd5-affb-47a59fafd5f3', true, true);
INSERT INTO public.routes (id, created_at, updated_at, protocols, methods, hosts, paths, regex_priority, strip_path, preserve_host, service_id, name, snis, sources, destinations, tags, https_redirect_status_code, headers, path_handling, ws_id, request_buffering, response_buffering) VALUES ('53cc1cfa-a217-4019-be92-c4d2acd0a0ef', '2023-09-12 09:37:40+00', '2023-09-12 09:37:40+00', '{http,https}', '{POST,OPTIONS}', NULL, '{/api/login/otp/resend}', 0, false, false, '5f0d41f7-6a36-47fe-a96d-78f466074ecc', NULL, NULL, NULL, NULL, NULL, 426, NULL, 'v1', '909a6f0d-67eb-4fd5-affb-47a59fafd5f3', true, true);
INSERT INTO public.routes (id, created_at, updated_at, protocols, methods, hosts, paths, regex_priority, strip_path, preserve_host, service_id, name, snis, sources, destinations, tags, https_redirect_status_code, headers, path_handling, ws_id, request_buffering, response_buffering) VALUES ('977af3f1-adb8-4c40-b75a-ad885e43198b', '2023-09-12 09:38:33+00', '2023-09-12 09:38:33+00', '{http,https}', '{PUT,OPTIONS}', NULL, '{/api/change-password}', 0, false, false, '5f0d41f7-6a36-47fe-a96d-78f466074ecc', NULL, NULL, NULL, NULL, NULL, 426, NULL, 'v1', '909a6f0d-67eb-4fd5-affb-47a59fafd5f3', true, true);

INSERT INTO public.plugins (id, name, consumer_id, config, enabled, created_at, route_id, service_id, cache_key, protocols, tags, ws_id) VALUES ('ed6cfc63-4487-44f5-bbed-4c6696d94e95', 'cors', NULL, '{"headers": ["Authorization", "User-Agent", "Accept", "Accept-Version", "Content-Length", "Content-MD5", "Content-Type", "Date"], "max_age": 3600, "methods": ["GET", "POST", "PUT", "DELETE", "PATCH"], "origins": ["*"], "credentials": true, "exposed_headers": null, "preflight_continue": false}', true, '2023-09-10 22:30:14+00', '4a8bcf06-d06a-411a-9432-114e574d5e44', NULL, 'plugins:cors:4a8bcf06-d06a-411a-9432-114e574d5e44::::909a6f0d-67eb-4fd5-affb-47a59fafd5f3', '{grpc,grpcs,http,https}', NULL, '909a6f0d-67eb-4fd5-affb-47a59fafd5f3');
INSERT INTO public.plugins (id, name, consumer_id, config, enabled, created_at, route_id, service_id, cache_key, protocols, tags, ws_id) VALUES ('dc2615ef-a86a-44bb-ae95-3e5e20e691cf', 'acl', NULL, '{"deny": null, "allow": ["superadmin", "root"], "hide_groups_header": false}', true, '2023-09-10 22:30:17+00', '4a8bcf06-d06a-411a-9432-114e574d5e44', NULL, 'plugins:acl:4a8bcf06-d06a-411a-9432-114e574d5e44::::909a6f0d-67eb-4fd5-affb-47a59fafd5f3', '{grpc,grpcs,http,https}', NULL, '909a6f0d-67eb-4fd5-affb-47a59fafd5f3');
INSERT INTO public.plugins (id, name, consumer_id, config, enabled, created_at, route_id, service_id, cache_key, protocols, tags, ws_id) VALUES ('2e7819f1-b9f3-47ef-a9a7-1b1d2afce349', 'oauth2', NULL, '{"pkce": "lax", "scopes": null, "anonymous": null, "provision_key": "2JygXnr9eap4KsC9vi9hWfpoSliL8mf8", "mandatory_scope": false, "auth_header_name": "authorization", "hide_credentials": false, "token_expiration": 7200, "refresh_token_ttl": 1209600, "global_credentials": true, "reuse_refresh_token": false, "enable_implicit_grant": false, "enable_password_grant": true, "enable_authorization_code": false, "enable_client_credentials": false, "accept_http_if_already_terminated": false}', true, '2023-09-10 22:30:20+00', '4a8bcf06-d06a-411a-9432-114e574d5e44', NULL, 'plugins:oauth2:4a8bcf06-d06a-411a-9432-114e574d5e44::::909a6f0d-67eb-4fd5-affb-47a59fafd5f3', '{grpc,grpcs,http,https}', NULL, '909a6f0d-67eb-4fd5-affb-47a59fafd5f3');
INSERT INTO public.plugins (id, name, consumer_id, config, enabled, created_at, route_id, service_id, cache_key, protocols, tags, ws_id) VALUES ('1d75195d-e02c-4256-b0e7-8458b90376ae', 'cors', NULL, '{"headers": ["Authorization", "User-Agent", "Accept", "Accept-Version", "Content-Length", "Content-MD5", "Content-Type", "Date"], "max_age": 3600, "methods": ["GET", "POST", "PUT", "DELETE", "PATCH"], "origins": ["*"], "credentials": true, "exposed_headers": null, "preflight_continue": false}', true, '2023-09-10 22:31:49+00', '2cbe59fe-5a6a-4792-b715-a97b43ad90b4', NULL, 'plugins:cors:2cbe59fe-5a6a-4792-b715-a97b43ad90b4::::909a6f0d-67eb-4fd5-affb-47a59fafd5f3', '{grpc,grpcs,http,https}', NULL, '909a6f0d-67eb-4fd5-affb-47a59fafd5f3');
INSERT INTO public.plugins (id, name, consumer_id, config, enabled, created_at, route_id, service_id, cache_key, protocols, tags, ws_id) VALUES ('a70f2909-8cf1-4161-ae53-5a0f28536279', 'acl', NULL, '{"deny": null, "allow": ["superadmin", "root"], "hide_groups_header": false}', true, '2023-09-10 22:31:52+00', '2cbe59fe-5a6a-4792-b715-a97b43ad90b4', NULL, 'plugins:acl:2cbe59fe-5a6a-4792-b715-a97b43ad90b4::::909a6f0d-67eb-4fd5-affb-47a59fafd5f3', '{grpc,grpcs,http,https}', NULL, '909a6f0d-67eb-4fd5-affb-47a59fafd5f3');
INSERT INTO public.plugins (id, name, consumer_id, config, enabled, created_at, route_id, service_id, cache_key, protocols, tags, ws_id) VALUES ('94921dff-9027-4372-94a5-b2dc32bfc7bc', 'oauth2', NULL, '{"pkce": "lax", "scopes": null, "anonymous": null, "provision_key": "hlmPBPmiPdzHIl29I7NnhmVE3Ax2jGeu", "mandatory_scope": false, "auth_header_name": "authorization", "hide_credentials": false, "token_expiration": 7200, "refresh_token_ttl": 1209600, "global_credentials": true, "reuse_refresh_token": false, "enable_implicit_grant": false, "enable_password_grant": true, "enable_authorization_code": false, "enable_client_credentials": false, "accept_http_if_already_terminated": false}', true, '2023-09-10 22:31:54+00', '2cbe59fe-5a6a-4792-b715-a97b43ad90b4', NULL, 'plugins:oauth2:2cbe59fe-5a6a-4792-b715-a97b43ad90b4::::909a6f0d-67eb-4fd5-affb-47a59fafd5f3', '{grpc,grpcs,http,https}', NULL, '909a6f0d-67eb-4fd5-affb-47a59fafd5f3');
INSERT INTO public.plugins (id, name, consumer_id, config, enabled, created_at, route_id, service_id, cache_key, protocols, tags, ws_id) VALUES ('124924c2-9783-4d99-a949-bd6ad83d71d5', 'cors', NULL, '{"headers": ["Authorization", "User-Agent", "Accept", "Accept-Version", "Content-Length", "Content-MD5", "Content-Type", "Date"], "max_age": 3600, "methods": ["GET", "POST", "PUT", "DELETE", "PATCH"], "origins": ["*"], "credentials": true, "exposed_headers": null, "preflight_continue": false}', true, '2023-09-10 22:33:33+00', '7a15e306-0337-4e08-aae1-22fb31da2aee', NULL, 'plugins:cors:7a15e306-0337-4e08-aae1-22fb31da2aee::::909a6f0d-67eb-4fd5-affb-47a59fafd5f3', '{grpc,grpcs,http,https}', NULL, '909a6f0d-67eb-4fd5-affb-47a59fafd5f3');
INSERT INTO public.plugins (id, name, consumer_id, config, enabled, created_at, route_id, service_id, cache_key, protocols, tags, ws_id) VALUES ('1dec7c43-2926-4fe0-b646-2025f53b7ad8', 'acl', NULL, '{"deny": null, "allow": ["superadmin", "root"], "hide_groups_header": false}', true, '2023-09-10 22:33:36+00', '7a15e306-0337-4e08-aae1-22fb31da2aee', NULL, 'plugins:acl:7a15e306-0337-4e08-aae1-22fb31da2aee::::909a6f0d-67eb-4fd5-affb-47a59fafd5f3', '{grpc,grpcs,http,https}', NULL, '909a6f0d-67eb-4fd5-affb-47a59fafd5f3');
INSERT INTO public.plugins (id, name, consumer_id, config, enabled, created_at, route_id, service_id, cache_key, protocols, tags, ws_id) VALUES ('fbe6efb7-428b-4f84-8e06-454bd087464d', 'oauth2', NULL, '{"pkce": "lax", "scopes": null, "anonymous": null, "provision_key": "bvq4UPE3Bkb6SjvJeemkY2bpCg35EyYR", "mandatory_scope": false, "auth_header_name": "authorization", "hide_credentials": false, "token_expiration": 7200, "refresh_token_ttl": 1209600, "global_credentials": true, "reuse_refresh_token": false, "enable_implicit_grant": false, "enable_password_grant": true, "enable_authorization_code": false, "enable_client_credentials": false, "accept_http_if_already_terminated": false}', true, '2023-09-10 22:33:39+00', '7a15e306-0337-4e08-aae1-22fb31da2aee', NULL, 'plugins:oauth2:7a15e306-0337-4e08-aae1-22fb31da2aee::::909a6f0d-67eb-4fd5-affb-47a59fafd5f3', '{grpc,grpcs,http,https}', NULL, '909a6f0d-67eb-4fd5-affb-47a59fafd5f3');
INSERT INTO public.plugins (id, name, consumer_id, config, enabled, created_at, route_id, service_id, cache_key, protocols, tags, ws_id) VALUES ('cf18148b-467f-44d2-bb5c-515e331daf89', 'oauth2', NULL, '{"pkce": "lax", "scopes": null, "anonymous": null, "provision_key": "URANn0zNyfb3tftN5LWhBO88Gv3r6eA3", "mandatory_scope": false, "auth_header_name": "authorization", "hide_credentials": false, "token_expiration": 7200, "refresh_token_ttl": 1209600, "global_credentials": true, "reuse_refresh_token": false, "enable_implicit_grant": false, "enable_password_grant": true, "enable_authorization_code": false, "enable_client_credentials": false, "accept_http_if_already_terminated": false}', true, '2023-09-10 22:34:40+00', 'a2758dc7-ddcb-4629-a0e3-54e4adce6842', NULL, 'plugins:oauth2:a2758dc7-ddcb-4629-a0e3-54e4adce6842::::909a6f0d-67eb-4fd5-affb-47a59fafd5f3', '{grpc,grpcs,http,https}', NULL, '909a6f0d-67eb-4fd5-affb-47a59fafd5f3');
INSERT INTO public.plugins (id, name, consumer_id, config, enabled, created_at, route_id, service_id, cache_key, protocols, tags, ws_id) VALUES ('716b3656-6029-4394-8949-9e075e68d13a', 'acl', NULL, '{"deny": null, "allow": ["superadmin", "root"], "hide_groups_header": false}', true, '2023-09-10 22:35:07+00', 'a2758dc7-ddcb-4629-a0e3-54e4adce6842', NULL, 'plugins:acl:a2758dc7-ddcb-4629-a0e3-54e4adce6842::::909a6f0d-67eb-4fd5-affb-47a59fafd5f3', '{grpc,grpcs,http,https}', NULL, '909a6f0d-67eb-4fd5-affb-47a59fafd5f3');
INSERT INTO public.plugins (id, name, consumer_id, config, enabled, created_at, route_id, service_id, cache_key, protocols, tags, ws_id) VALUES ('ab928c64-8afa-4cbf-a30f-309fd732cbd7', 'cors', NULL, '{"headers": ["Authorization", "User-Agent", "Accept", "Accept-Version", "Content-Length", "Content-MD5", "Content-Type", "Date"], "max_age": 3600, "methods": ["GET", "POST", "PUT", "DELETE", "PATCH"], "origins": ["*"], "credentials": true, "exposed_headers": null, "preflight_continue": false}', true, '2023-09-10 22:35:10+00', 'a2758dc7-ddcb-4629-a0e3-54e4adce6842', NULL, 'plugins:cors:a2758dc7-ddcb-4629-a0e3-54e4adce6842::::909a6f0d-67eb-4fd5-affb-47a59fafd5f3', '{grpc,grpcs,http,https}', NULL, '909a6f0d-67eb-4fd5-affb-47a59fafd5f3');
INSERT INTO public.plugins (id, name, consumer_id, config, enabled, created_at, route_id, service_id, cache_key, protocols, tags, ws_id) VALUES ('fdc6aa38-76b2-4e7c-85b9-b9c292e8ab18', 'acl', NULL, '{"allow": ["superadmin", "root"], "hide_groups_header": false}', true, '2018-08-29 06:49:29+00', '14891f21-ae65-4f33-a0e4-d20c05244c17', NULL, 'plugins:acl:14891f21-ae65-4f33-a0e4-d20c05244c17::::909a6f0d-67eb-4fd5-affb-47a59fafd5f3', NULL, NULL, '909a6f0d-67eb-4fd5-affb-47a59fafd5f3');
INSERT INTO public.plugins (id, name, consumer_id, config, enabled, created_at, route_id, service_id, cache_key, protocols, tags, ws_id) VALUES ('a44d0497-5c3d-4476-98fb-e2378edc9b98', 'cors', NULL, '{"headers": ["Authorization", "User-Agent", "Accept", "Accept-Version", "Content-Length", "Content-MD5", "Content-Type", "Date"], "max_age": 3600, "methods": ["GET", "POST", "PUT", "DELETE", "PATCH"], "origins": ["*"], "credentials": false, "preflight_continue": false}', true, '2022-11-08 03:53:04+00', '172d3563-36af-4342-bd7b-0e599cf42f9b', NULL, 'plugins:cors:172d3563-36af-4342-bd7b-0e599cf42f9b::::909a6f0d-67eb-4fd5-affb-47a59fafd5f3', NULL, NULL, '909a6f0d-67eb-4fd5-affb-47a59fafd5f3');
INSERT INTO public.plugins (id, name, consumer_id, config, enabled, created_at, route_id, service_id, cache_key, protocols, tags, ws_id) VALUES ('0e70b133-50c4-45e1-b2a5-8247da7c730a', 'oauth2', NULL, '{"anonymous": "", "provision_key": "UGCAjN0Z2HRQt7lpoWhJVzlOcJUcWPPs", "mandatory_scope": false, "auth_header_name": "authorization", "hide_credentials": false, "token_expiration": 7200, "refresh_token_ttl": 1209600, "global_credentials": true, "enable_implicit_grant": false, "enable_password_grant": true, "enable_authorization_code": false, "enable_client_credentials": false, "accept_http_if_already_terminated": false}', true, '2019-02-25 06:33:26+00', '14891f21-ae65-4f33-a0e4-d20c05244c17', NULL, 'plugins:oauth2:14891f21-ae65-4f33-a0e4-d20c05244c17::::909a6f0d-67eb-4fd5-affb-47a59fafd5f3', NULL, NULL, '909a6f0d-67eb-4fd5-affb-47a59fafd5f3');
INSERT INTO public.plugins (id, name, consumer_id, config, enabled, created_at, route_id, service_id, cache_key, protocols, tags, ws_id) VALUES ('b3dba4d1-caaf-451d-bdfb-a704980c5f86', 'oauth2', NULL, '{"anonymous": "", "provision_key": "65rnmG4eNZzJgaxYTIgh7rYxEDATUOhI", "mandatory_scope": false, "auth_header_name": "authorization", "hide_credentials": false, "token_expiration": 7200, "refresh_token_ttl": 1209600, "global_credentials": true, "enable_implicit_grant": false, "enable_password_grant": true, "enable_authorization_code": false, "enable_client_credentials": false, "accept_http_if_already_terminated": false}', true, '2019-02-25 06:34:10+00', '729ef8c4-24ca-479b-98cb-967a7033e107', NULL, 'plugins:oauth2:729ef8c4-24ca-479b-98cb-967a7033e107::::909a6f0d-67eb-4fd5-affb-47a59fafd5f3', NULL, NULL, '909a6f0d-67eb-4fd5-affb-47a59fafd5f3');
INSERT INTO public.plugins (id, name, consumer_id, config, enabled, created_at, route_id, service_id, cache_key, protocols, tags, ws_id) VALUES ('a6308e4c-8013-4a66-8e63-261be74e5985', 'cors', NULL, '{"headers": ["Authorization", "User-Agent", "Accept", "Accept-Version", "Content-Length", "Content-MD5", "Content-Type", "Date"], "max_age": 3600, "methods": ["GET", "POST", "PUT", "DELETE", "PATCH"], "origins": ["*"], "credentials": true, "preflight_continue": false}', true, '2018-08-29 06:52:33+00', 'cf6535a7-886f-4ab4-8b5a-c2eb3e766d0a', NULL, 'plugins:cors:cf6535a7-886f-4ab4-8b5a-c2eb3e766d0a::::909a6f0d-67eb-4fd5-affb-47a59fafd5f3', NULL, NULL, '909a6f0d-67eb-4fd5-affb-47a59fafd5f3');
INSERT INTO public.plugins (id, name, consumer_id, config, enabled, created_at, route_id, service_id, cache_key, protocols, tags, ws_id) VALUES ('e96e5eee-2a63-45c7-8d28-6408c61ebe30', 'cors', NULL, '{"headers": ["Authorization", "User-Agent", "Accept", "Accept-Version", "Content-Length", "Content-MD5", "Content-Type", "Date"], "max_age": 3600, "methods": ["GET", "POST", "PUT", "DELETE", "PATCH"], "origins": ["*"], "credentials": true, "preflight_continue": false}', true, '2018-08-29 06:54:02+00', '14891f21-ae65-4f33-a0e4-d20c05244c17', NULL, 'plugins:cors:14891f21-ae65-4f33-a0e4-d20c05244c17::::909a6f0d-67eb-4fd5-affb-47a59fafd5f3', NULL, NULL, '909a6f0d-67eb-4fd5-affb-47a59fafd5f3');
INSERT INTO public.plugins (id, name, consumer_id, config, enabled, created_at, route_id, service_id, cache_key, protocols, tags, ws_id) VALUES ('ff63f565-ce3f-4a00-ac09-cc89d8e6fd9d', 'cors', NULL, '{"headers": ["Authorization", "User-Agent", "Accept", "Accept-Version", "Content-Length", "Content-MD5", "Content-Type", "Date"], "max_age": 3600, "methods": ["GET", "POST", "PUT", "DELETE", "PATCH"], "origins": ["*"], "credentials": true, "preflight_continue": false}', true, '2018-09-28 09:20:19+00', '729ef8c4-24ca-479b-98cb-967a7033e107', NULL, 'plugins:cors:729ef8c4-24ca-479b-98cb-967a7033e107::::909a6f0d-67eb-4fd5-affb-47a59fafd5f3', NULL, NULL, '909a6f0d-67eb-4fd5-affb-47a59fafd5f3');
INSERT INTO public.plugins (id, name, consumer_id, config, enabled, created_at, route_id, service_id, cache_key, protocols, tags, ws_id) VALUES ('145718c6-6094-4aa7-9404-7566527213ce', 'cors', NULL, '{"headers": ["Authorization", "User-Agent", "Accept", "Accept-Version", "Content-Length", "Content-MD5", "Content-Type", "Date"], "max_age": 3600, "methods": ["GET", "POST", "PUT", "DELETE", "PATCH"], "origins": ["*"], "credentials": true, "preflight_continue": false}', true, '2018-12-30 00:02:14+00', '10a67dd5-7ecb-4119-a989-7d4c478f2b2b', NULL, 'plugins:cors:10a67dd5-7ecb-4119-a989-7d4c478f2b2b::::909a6f0d-67eb-4fd5-affb-47a59fafd5f3', NULL, NULL, '909a6f0d-67eb-4fd5-affb-47a59fafd5f3');
INSERT INTO public.plugins (id, name, consumer_id, config, enabled, created_at, route_id, service_id, cache_key, protocols, tags, ws_id) VALUES ('fb042440-898b-4913-b127-8cea290673f8', 'oauth2', NULL, '{"anonymous": "", "provision_key": "7KDHsndHxRVRT7880O9RJcdrH88HG7yu", "mandatory_scope": false, "auth_header_name": "authorization", "hide_credentials": false, "token_expiration": 7200, "refresh_token_ttl": 1209600, "global_credentials": true, "enable_implicit_grant": false, "enable_password_grant": true, "enable_authorization_code": false, "enable_client_credentials": false, "accept_http_if_already_terminated": false}', true, '2019-02-25 06:34:35+00', '765286f3-6c96-4794-a563-4349a9f2bc5d', NULL, 'plugins:oauth2:765286f3-6c96-4794-a563-4349a9f2bc5d::::909a6f0d-67eb-4fd5-affb-47a59fafd5f3', NULL, NULL, '909a6f0d-67eb-4fd5-affb-47a59fafd5f3');
INSERT INTO public.plugins (id, name, consumer_id, config, enabled, created_at, route_id, service_id, cache_key, protocols, tags, ws_id) VALUES ('2ccbbbf3-219e-4e66-80cd-65a17e9c3928', 'oauth2', NULL, '{"anonymous": "", "provision_key": "RJKzirvd4IvxkPsROHGv1Xm1t1XUVMOP", "mandatory_scope": false, "auth_header_name": "authorization", "hide_credentials": false, "token_expiration": 7200, "refresh_token_ttl": 1209600, "global_credentials": true, "enable_implicit_grant": false, "enable_password_grant": true, "enable_authorization_code": false, "enable_client_credentials": false, "accept_http_if_already_terminated": false}', true, '2019-02-25 06:34:54+00', '7ee2390a-b3f8-49ed-9e07-ed27a92de33c', NULL, 'plugins:oauth2:7ee2390a-b3f8-49ed-9e07-ed27a92de33c::::909a6f0d-67eb-4fd5-affb-47a59fafd5f3', NULL, NULL, '909a6f0d-67eb-4fd5-affb-47a59fafd5f3');
INSERT INTO public.plugins (id, name, consumer_id, config, enabled, created_at, route_id, service_id, cache_key, protocols, tags, ws_id) VALUES ('5383520e-d802-40f2-95d9-5a931dc33cef', 'acl', NULL, '{"allow": ["superadmin", "root"], "hide_groups_header": false}', true, '2018-12-29 23:57:27+00', '10a67dd5-7ecb-4119-a989-7d4c478f2b2b', NULL, 'plugins:acl:10a67dd5-7ecb-4119-a989-7d4c478f2b2b::::909a6f0d-67eb-4fd5-affb-47a59fafd5f3', NULL, NULL, '909a6f0d-67eb-4fd5-affb-47a59fafd5f3');
INSERT INTO public.plugins (id, name, consumer_id, config, enabled, created_at, route_id, service_id, cache_key, protocols, tags, ws_id) VALUES ('e7f080de-0229-4ded-b5fa-72b322b862e4', 'acl', NULL, '{"allow": ["admin", "superadmin", "root"], "hide_groups_header": false}', true, '2019-01-01 10:37:04+00', 'bfbbc6ef-fa13-4e67-8808-4d3a693379db', NULL, 'plugins:acl:bfbbc6ef-fa13-4e67-8808-4d3a693379db::::909a6f0d-67eb-4fd5-affb-47a59fafd5f3', NULL, NULL, '909a6f0d-67eb-4fd5-affb-47a59fafd5f3');
INSERT INTO public.plugins (id, name, consumer_id, config, enabled, created_at, route_id, service_id, cache_key, protocols, tags, ws_id) VALUES ('6c6ea3f7-5c79-4220-9293-bf998a54da1a', 'acl', NULL, '{"allow": ["admin", "superadmin", "root"], "hide_groups_header": false}', true, '2019-10-03 07:55:32+00', '1ad9440b-23ee-4996-af86-5bccfbd36f1c', NULL, 'plugins:acl:1ad9440b-23ee-4996-af86-5bccfbd36f1c::::909a6f0d-67eb-4fd5-affb-47a59fafd5f3', NULL, NULL, '909a6f0d-67eb-4fd5-affb-47a59fafd5f3');
INSERT INTO public.plugins (id, name, consumer_id, config, enabled, created_at, route_id, service_id, cache_key, protocols, tags, ws_id) VALUES ('6c3dbf93-6f19-4c36-a707-0fcace161ea1', 'acl', NULL, '{"allow": ["admin", "superadmin", "root"], "hide_groups_header": false}', true, '2019-09-03 23:04:24+00', '8957238e-b19a-4a2c-8268-7623518e8911', NULL, 'plugins:acl:8957238e-b19a-4a2c-8268-7623518e8911::::909a6f0d-67eb-4fd5-affb-47a59fafd5f3', NULL, NULL, '909a6f0d-67eb-4fd5-affb-47a59fafd5f3');
INSERT INTO public.plugins (id, name, consumer_id, config, enabled, created_at, route_id, service_id, cache_key, protocols, tags, ws_id) VALUES ('4cf4fac6-0104-4538-897e-6d270c59454a', 'acl', NULL, '{"allow": ["root", "superadmin", "admin", "user"], "hide_groups_header": false}', true, '2022-11-10 02:47:10+00', 'd5bc919d-b60f-490a-bbfc-f9f652b8ac07', NULL, 'plugins:acl:d5bc919d-b60f-490a-bbfc-f9f652b8ac07::::909a6f0d-67eb-4fd5-affb-47a59fafd5f3', NULL, NULL, '909a6f0d-67eb-4fd5-affb-47a59fafd5f3');
INSERT INTO public.plugins (id, name, consumer_id, config, enabled, created_at, route_id, service_id, cache_key, protocols, tags, ws_id) VALUES ('ddc93fac-ebee-477a-807c-411edeae2696', 'acl', NULL, '{"allow": ["admin", "superadmin", "root"], "hide_groups_header": false}', false, '2022-11-10 02:31:58+00', '8f077c89-156f-46b7-b3e3-7d3d6f10ec78', NULL, 'plugins:acl:8f077c89-156f-46b7-b3e3-7d3d6f10ec78::::909a6f0d-67eb-4fd5-affb-47a59fafd5f3', NULL, NULL, '909a6f0d-67eb-4fd5-affb-47a59fafd5f3');
INSERT INTO public.plugins (id, name, consumer_id, config, enabled, created_at, route_id, service_id, cache_key, protocols, tags, ws_id) VALUES ('a592c68e-eb31-4b28-85b0-148809e0f380', 'acl', NULL, '{"allow": ["root"], "hide_groups_header": false}', true, '2019-09-21 07:12:20+00', '8d7be931-0737-4153-9954-dcaaf66c565a', NULL, 'plugins:acl:8d7be931-0737-4153-9954-dcaaf66c565a::::909a6f0d-67eb-4fd5-affb-47a59fafd5f3', NULL, NULL, '909a6f0d-67eb-4fd5-affb-47a59fafd5f3');
INSERT INTO public.plugins (id, name, consumer_id, config, enabled, created_at, route_id, service_id, cache_key, protocols, tags, ws_id) VALUES ('9750f7f3-3518-41b2-bc99-6f3f24afe70e', 'cors', NULL, '{"headers": ["Authorization", "User-Agent", "Accept", "Accept-Version", "Content-Length", "Content-MD5", "Content-Type", "Date"], "max_age": 3600, "methods": ["GET", "POST", "PUT", "DELETE", "PATCH"], "origins": ["*"], "credentials": false, "preflight_continue": false}', true, '2019-01-01 10:37:37+00', 'bfbbc6ef-fa13-4e67-8808-4d3a693379db', NULL, 'plugins:cors:bfbbc6ef-fa13-4e67-8808-4d3a693379db::::909a6f0d-67eb-4fd5-affb-47a59fafd5f3', NULL, NULL, '909a6f0d-67eb-4fd5-affb-47a59fafd5f3');
INSERT INTO public.plugins (id, name, consumer_id, config, enabled, created_at, route_id, service_id, cache_key, protocols, tags, ws_id) VALUES ('9b0bb721-3339-4859-8726-60c7ddba370d', 'cors', NULL, '{"headers": ["Authorization", "User-Agent", "Accept", "Accept-Version", "Content-Length", "Content-MD5", "Content-Type", "Date"], "max_age": 3600, "methods": ["GET", "POST", "PUT", "DELETE", "PATCH"], "origins": ["*"], "credentials": false, "preflight_continue": false}', true, '2019-01-01 10:37:44+00', '7ee2390a-b3f8-49ed-9e07-ed27a92de33c', NULL, 'plugins:cors:7ee2390a-b3f8-49ed-9e07-ed27a92de33c::::909a6f0d-67eb-4fd5-affb-47a59fafd5f3', NULL, NULL, '909a6f0d-67eb-4fd5-affb-47a59fafd5f3');
INSERT INTO public.plugins (id, name, consumer_id, config, enabled, created_at, route_id, service_id, cache_key, protocols, tags, ws_id) VALUES ('4e5f0ea2-2ba5-4bc3-bcb2-623c068d9315', 'oauth2', NULL, '{"anonymous": "", "provision_key": "PtjSizku9H9gqP5MNRGAJmn9SXRJK3gA", "mandatory_scope": false, "auth_header_name": "authorization", "hide_credentials": false, "token_expiration": 7200, "refresh_token_ttl": 1209600, "global_credentials": true, "enable_implicit_grant": false, "enable_password_grant": true, "enable_authorization_code": false, "enable_client_credentials": false, "accept_http_if_already_terminated": false}', true, '2019-02-25 06:31:44+00', '10a67dd5-7ecb-4119-a989-7d4c478f2b2b', NULL, 'plugins:oauth2:10a67dd5-7ecb-4119-a989-7d4c478f2b2b::::909a6f0d-67eb-4fd5-affb-47a59fafd5f3', NULL, NULL, '909a6f0d-67eb-4fd5-affb-47a59fafd5f3');
INSERT INTO public.plugins (id, name, consumer_id, config, enabled, created_at, route_id, service_id, cache_key, protocols, tags, ws_id) VALUES ('4e41d445-35e7-4133-93a0-25808053d73c', 'oauth2', NULL, '{"anonymous": "", "provision_key": "uLQDdY1AJVvitVarP9PsEAHqo9hZbb8I", "mandatory_scope": false, "auth_header_name": "authorization", "hide_credentials": false, "token_expiration": 7200, "refresh_token_ttl": 1209600, "global_credentials": true, "enable_implicit_grant": false, "enable_password_grant": true, "enable_authorization_code": false, "enable_client_credentials": false, "accept_http_if_already_terminated": false}', true, '2019-02-25 06:35:12+00', 'bfbbc6ef-fa13-4e67-8808-4d3a693379db', NULL, 'plugins:oauth2:bfbbc6ef-fa13-4e67-8808-4d3a693379db::::909a6f0d-67eb-4fd5-affb-47a59fafd5f3', NULL, NULL, '909a6f0d-67eb-4fd5-affb-47a59fafd5f3');
INSERT INTO public.plugins (id, name, consumer_id, config, enabled, created_at, route_id, service_id, cache_key, protocols, tags, ws_id) VALUES ('6b8046cf-205f-48d8-983f-165555939ea9', 'cors', NULL, '{"headers": ["Authorization", "User-Agent", "Accept", "Accept-Version", "Content-Length", "Content-MD5", "Content-Type", "Date"], "max_age": 3600, "methods": ["GET", "POST", "PUT", "DELETE", "PATCH"], "origins": ["*"], "credentials": true, "preflight_continue": false}', true, '2019-04-15 03:26:52+00', '67d97772-207c-4946-a499-f081ec6d8ce6', NULL, 'plugins:cors:67d97772-207c-4946-a499-f081ec6d8ce6::::909a6f0d-67eb-4fd5-affb-47a59fafd5f3', NULL, NULL, '909a6f0d-67eb-4fd5-affb-47a59fafd5f3');
INSERT INTO public.plugins (id, name, consumer_id, config, enabled, created_at, route_id, service_id, cache_key, protocols, tags, ws_id) VALUES ('d514b024-ed1c-44e9-94e7-88450f8e3f9f', 'oauth2', NULL, '{"anonymous": "", "provision_key": "frg61d7lX09oayi0h8Euf92GEG8LT1XB", "mandatory_scope": false, "auth_header_name": "authorization", "hide_credentials": false, "token_expiration": 7200, "refresh_token_ttl": 1209600, "global_credentials": true, "enable_implicit_grant": false, "enable_password_grant": true, "enable_authorization_code": false, "enable_client_credentials": false, "accept_http_if_already_terminated": false}', true, '2019-04-15 03:27:14+00', '67d97772-207c-4946-a499-f081ec6d8ce6', NULL, 'plugins:oauth2:67d97772-207c-4946-a499-f081ec6d8ce6::::909a6f0d-67eb-4fd5-affb-47a59fafd5f3', NULL, NULL, '909a6f0d-67eb-4fd5-affb-47a59fafd5f3');
INSERT INTO public.plugins (id, name, consumer_id, config, enabled, created_at, route_id, service_id, cache_key, protocols, tags, ws_id) VALUES ('71c4e548-e238-49ee-822f-01cf4326eb5e', 'cors', NULL, '{"headers": ["Authorization", "User-Agent", "Accept", "Accept-Version", "Content-Length", "Content-MD5", "Content-Type", "Date"], "max_age": 3600, "methods": ["GET", "POST", "PUT", "DELETE", "PATCH"], "origins": ["*"], "credentials": false, "preflight_continue": false}', true, '2019-09-03 23:05:16+00', 'b713be31-f7ff-4f80-a26c-284ebf6c39d4', NULL, 'plugins:cors:b713be31-f7ff-4f80-a26c-284ebf6c39d4::::909a6f0d-67eb-4fd5-affb-47a59fafd5f3', NULL, NULL, '909a6f0d-67eb-4fd5-affb-47a59fafd5f3');
INSERT INTO public.plugins (id, name, consumer_id, config, enabled, created_at, route_id, service_id, cache_key, protocols, tags, ws_id) VALUES ('5f358c8c-7af8-47c8-8881-72ee9963399b', 'oauth2', NULL, '{"anonymous": "", "provision_key": "GhUOaUX1zzWecxrsHMEXxWz1tXZXpvxo", "mandatory_scope": false, "auth_header_name": "authorization", "hide_credentials": false, "token_expiration": 7200, "refresh_token_ttl": 1209600, "global_credentials": true, "enable_implicit_grant": false, "enable_password_grant": true, "enable_authorization_code": false, "enable_client_credentials": false, "accept_http_if_already_terminated": false}', true, '2019-09-03 23:05:41+00', '8957238e-b19a-4a2c-8268-7623518e8911', NULL, 'plugins:oauth2:8957238e-b19a-4a2c-8268-7623518e8911::::909a6f0d-67eb-4fd5-affb-47a59fafd5f3', NULL, NULL, '909a6f0d-67eb-4fd5-affb-47a59fafd5f3');
INSERT INTO public.plugins (id, name, consumer_id, config, enabled, created_at, route_id, service_id, cache_key, protocols, tags, ws_id) VALUES ('ca8a3da9-4548-4f3f-88b2-653b2586cd43', 'oauth2', NULL, '{"anonymous": "", "provision_key": "wAO1mzJwL76MYu4Y99LMAvQHTwOEbhop", "mandatory_scope": false, "auth_header_name": "authorization", "hide_credentials": false, "token_expiration": 7200, "refresh_token_ttl": 1209600, "global_credentials": true, "enable_implicit_grant": false, "enable_password_grant": true, "enable_authorization_code": false, "enable_client_credentials": false, "accept_http_if_already_terminated": false}', true, '2019-09-03 23:05:49+00', 'b713be31-f7ff-4f80-a26c-284ebf6c39d4', NULL, 'plugins:oauth2:b713be31-f7ff-4f80-a26c-284ebf6c39d4::::909a6f0d-67eb-4fd5-affb-47a59fafd5f3', NULL, NULL, '909a6f0d-67eb-4fd5-affb-47a59fafd5f3');
INSERT INTO public.plugins (id, name, consumer_id, config, enabled, created_at, route_id, service_id, cache_key, protocols, tags, ws_id) VALUES ('7c6940da-f802-4eb4-8f71-7d254da36ac2', 'cors', NULL, '{"headers": ["Authorization", "User-Agent", "Accept", "Accept-Version", "Content-Length", "Content-MD5", "Content-Type", "Date"], "max_age": 3600, "methods": ["GET", "POST", "PUT", "DELETE", "PATCH"], "origins": ["*"], "credentials": false, "preflight_continue": false}', true, '2019-09-03 23:05:22+00', '8d7be931-0737-4153-9954-dcaaf66c565a', NULL, 'plugins:cors:8d7be931-0737-4153-9954-dcaaf66c565a::::909a6f0d-67eb-4fd5-affb-47a59fafd5f3', NULL, NULL, '909a6f0d-67eb-4fd5-affb-47a59fafd5f3');
INSERT INTO public.plugins (id, name, consumer_id, config, enabled, created_at, route_id, service_id, cache_key, protocols, tags, ws_id) VALUES ('2dba54e7-3ead-4d8e-8fa0-f6e0cc49861d', 'cors', NULL, '{"headers": ["Authorization", "User-Agent", "Accept", "Accept-Version", "Content-Length", "Content-MD5", "Content-Type", "Date"], "max_age": 3600, "methods": ["GET", "POST", "PUT", "DELETE", "PATCH"], "origins": ["*"], "credentials": true, "preflight_continue": false}', true, '2019-10-03 07:56:51+00', '1ad9440b-23ee-4996-af86-5bccfbd36f1c', NULL, 'plugins:cors:1ad9440b-23ee-4996-af86-5bccfbd36f1c::::909a6f0d-67eb-4fd5-affb-47a59fafd5f3', NULL, NULL, '909a6f0d-67eb-4fd5-affb-47a59fafd5f3');
INSERT INTO public.plugins (id, name, consumer_id, config, enabled, created_at, route_id, service_id, cache_key, protocols, tags, ws_id) VALUES ('db69d3f7-e565-45ee-ac11-ec6affdb4555', 'oauth2', NULL, '{"anonymous": "", "provision_key": "ZsGTMd0dr5KZn9bxPI3QpVpsuBNA8ScG", "mandatory_scope": false, "auth_header_name": "authorization", "hide_credentials": false, "token_expiration": 7200, "refresh_token_ttl": 1209600, "global_credentials": true, "enable_implicit_grant": false, "enable_password_grant": true, "enable_authorization_code": false, "enable_client_credentials": false, "accept_http_if_already_terminated": false}', true, '2019-10-03 07:57:32+00', '1ad9440b-23ee-4996-af86-5bccfbd36f1c', NULL, 'plugins:oauth2:1ad9440b-23ee-4996-af86-5bccfbd36f1c::::909a6f0d-67eb-4fd5-affb-47a59fafd5f3', NULL, NULL, '909a6f0d-67eb-4fd5-affb-47a59fafd5f3');
INSERT INTO public.plugins (id, name, consumer_id, config, enabled, created_at, route_id, service_id, cache_key, protocols, tags, ws_id) VALUES ('a0016059-0402-4ff8-a125-66e28e17ec45', 'acl', NULL, '{"allow": ["superadmin", "root"], "hide_groups_header": false}', true, '2023-05-25 08:31:54+00', '0883859a-9d98-4d6f-9025-4b4eb0590958', NULL, 'plugins:acl:0883859a-9d98-4d6f-9025-4b4eb0590958::::909a6f0d-67eb-4fd5-affb-47a59fafd5f3', NULL, NULL, '909a6f0d-67eb-4fd5-affb-47a59fafd5f3');
INSERT INTO public.plugins (id, name, consumer_id, config, enabled, created_at, route_id, service_id, cache_key, protocols, tags, ws_id) VALUES ('f6e0a6de-e727-4a95-bd18-b7d04fef140c', 'acl', NULL, '{"allow": ["user", "admin", "superadmin", "root"], "hide_groups_header": false}', true, '2018-08-29 06:43:51+00', '765286f3-6c96-4794-a563-4349a9f2bc5d', NULL, 'plugins:acl:765286f3-6c96-4794-a563-4349a9f2bc5d::::909a6f0d-67eb-4fd5-affb-47a59fafd5f3', NULL, NULL, '909a6f0d-67eb-4fd5-affb-47a59fafd5f3');
INSERT INTO public.plugins (id, name, consumer_id, config, enabled, created_at, route_id, service_id, cache_key, protocols, tags, ws_id) VALUES ('960880c1-2a58-4f18-9dcd-8b81b7e8e537', 'acl', NULL, '{"allow": ["admin", "superadmin", "root"]}', true, '2018-09-28 09:20:13+00', '729ef8c4-24ca-479b-98cb-967a7033e107', NULL, 'plugins:acl:729ef8c4-24ca-479b-98cb-967a7033e107::::909a6f0d-67eb-4fd5-affb-47a59fafd5f3', NULL, NULL, '909a6f0d-67eb-4fd5-affb-47a59fafd5f3');
INSERT INTO public.plugins (id, name, consumer_id, config, enabled, created_at, route_id, service_id, cache_key, protocols, tags, ws_id) VALUES ('ee3bf027-0c7f-4a62-bed3-18ab31f75992', 'acl', NULL, '{"allow": ["superadmin", "root"], "hide_groups_header": false}', true, '2019-09-03 23:04:44+00', 'b713be31-f7ff-4f80-a26c-284ebf6c39d4', NULL, 'plugins:acl:b713be31-f7ff-4f80-a26c-284ebf6c39d4::::909a6f0d-67eb-4fd5-affb-47a59fafd5f3', NULL, NULL, '909a6f0d-67eb-4fd5-affb-47a59fafd5f3');
INSERT INTO public.plugins (id, name, consumer_id, config, enabled, created_at, route_id, service_id, cache_key, protocols, tags, ws_id) VALUES ('e26a95a2-1b59-442f-b7ac-880f597b9259', 'cors', NULL, '{"headers": ["Authorization", "User-Agent", "Accept", "Accept-Version", "Content-Length", "Content-MD5", "Content-Type", "Date"], "max_age": 3600, "methods": ["GET", "POST", "PUT", "DELETE", "PATCH"], "origins": ["*"], "credentials": false, "preflight_continue": false}', true, '2019-10-11 13:08:33+00', '250de7c9-5946-42e5-8ecf-8674c1085af5', NULL, 'plugins:cors:250de7c9-5946-42e5-8ecf-8674c1085af5::::909a6f0d-67eb-4fd5-affb-47a59fafd5f3', NULL, NULL, '909a6f0d-67eb-4fd5-affb-47a59fafd5f3');
INSERT INTO public.plugins (id, name, consumer_id, config, enabled, created_at, route_id, service_id, cache_key, protocols, tags, ws_id) VALUES ('6ef4ea58-e1f9-457d-8cac-e613429bd733', 'oauth2', NULL, '{"anonymous": "", "provision_key": "WF1zJGuAfRPwmP2Efr9aC5nBH55EtSyt", "mandatory_scope": false, "auth_header_name": "authorization", "hide_credentials": false, "token_expiration": 7200, "refresh_token_ttl": 1209600, "global_credentials": true, "enable_implicit_grant": false, "enable_password_grant": true, "enable_authorization_code": false, "enable_client_credentials": false, "accept_http_if_already_terminated": false}', true, '2019-10-11 14:13:58+00', '250de7c9-5946-42e5-8ecf-8674c1085af5', NULL, 'plugins:oauth2:250de7c9-5946-42e5-8ecf-8674c1085af5::::909a6f0d-67eb-4fd5-affb-47a59fafd5f3', NULL, NULL, '909a6f0d-67eb-4fd5-affb-47a59fafd5f3');
INSERT INTO public.plugins (id, name, consumer_id, config, enabled, created_at, route_id, service_id, cache_key, protocols, tags, ws_id) VALUES ('65bb296d-1e05-4202-8b9f-c4ae88feb7e0', 'cors', NULL, '{"headers": ["Authorization", "User-Agent", "Accept", "Accept-Version", "Content-Length", "Content-MD5", "Content-Type", "Date"], "max_age": 3600, "methods": ["GET", "POST", "PUT", "PATCH", "DELETE"], "origins": ["*"], "credentials": true, "preflight_continue": false}', true, '2018-08-29 06:53:08+00', '765286f3-6c96-4794-a563-4349a9f2bc5d', NULL, 'plugins:cors:765286f3-6c96-4794-a563-4349a9f2bc5d::::909a6f0d-67eb-4fd5-affb-47a59fafd5f3', NULL, NULL, '909a6f0d-67eb-4fd5-affb-47a59fafd5f3');
INSERT INTO public.plugins (id, name, consumer_id, config, enabled, created_at, route_id, service_id, cache_key, protocols, tags, ws_id) VALUES ('08accd2b-fe94-44e1-8fdd-d9afee4cf811', 'cors', NULL, '{"headers": ["Authorization", "User-Agent", "Accept", "Accept-Version", "Content-Length", "Content-MD5", "Content-Type", "Date"], "max_age": 3600, "methods": ["GET", "POST", "PUT", "DELETE", "PATCH"], "origins": ["*"], "credentials": false, "preflight_continue": false}', true, '2021-09-29 03:34:35+00', 'a1e272d6-28de-46be-9edd-3100fa014ab3', NULL, 'plugins:cors:a1e272d6-28de-46be-9edd-3100fa014ab3::::909a6f0d-67eb-4fd5-affb-47a59fafd5f3', NULL, NULL, '909a6f0d-67eb-4fd5-affb-47a59fafd5f3');
INSERT INTO public.plugins (id, name, consumer_id, config, enabled, created_at, route_id, service_id, cache_key, protocols, tags, ws_id) VALUES ('f937b64d-7f09-4bf9-a365-d8dbbec8bcdf', 'cors', NULL, '{"headers": ["Authorization", "User-Agent", "Accept", "Accept-Version", "Content-Length", "Content-MD5", "Content-Type", "Date"], "max_age": 3600, "methods": ["GET", "POST", "PUT", "DELETE", "PATCH"], "origins": ["*"], "credentials": false, "preflight_continue": false}', true, '2020-09-15 03:40:43+00', '2677a4b9-e85b-45f7-bd57-364c36624dfd', NULL, 'plugins:cors:2677a4b9-e85b-45f7-bd57-364c36624dfd::::909a6f0d-67eb-4fd5-affb-47a59fafd5f3', NULL, NULL, '909a6f0d-67eb-4fd5-affb-47a59fafd5f3');
INSERT INTO public.plugins (id, name, consumer_id, config, enabled, created_at, route_id, service_id, cache_key, protocols, tags, ws_id) VALUES ('e330fa37-5f36-48a2-8287-fde489a7697a', 'oauth2', NULL, '{"anonymous": "", "provision_key": "0SyCE8K2pcq77SmivhCV6uO5rpM6TpqE", "mandatory_scope": false, "auth_header_name": "authorization", "hide_credentials": false, "token_expiration": 7200, "refresh_token_ttl": 1209600, "global_credentials": true, "enable_implicit_grant": false, "enable_password_grant": true, "enable_authorization_code": false, "enable_client_credentials": false, "accept_http_if_already_terminated": false}', true, '2021-09-29 03:11:18+00', 'cbbd4edb-dd83-4e30-9c0d-e484e079bb0a', NULL, 'plugins:oauth2:cbbd4edb-dd83-4e30-9c0d-e484e079bb0a::::909a6f0d-67eb-4fd5-affb-47a59fafd5f3', NULL, NULL, '909a6f0d-67eb-4fd5-affb-47a59fafd5f3');
INSERT INTO public.plugins (id, name, consumer_id, config, enabled, created_at, route_id, service_id, cache_key, protocols, tags, ws_id) VALUES ('813478b4-6a7f-479c-9784-4779557b4e6c', 'cors', NULL, '{"headers": ["Authorization", "User-Agent", "Accept", "Accept-Version", "Content-Length", "Content-MD5", "Content-Type", "Date"], "max_age": 3600, "methods": ["GET", "POST", "PUT", "DELETE", "PATCH"], "origins": ["*"], "credentials": false, "preflight_continue": false}', true, '2021-09-29 03:11:47+00', 'cbbd4edb-dd83-4e30-9c0d-e484e079bb0a', NULL, 'plugins:cors:cbbd4edb-dd83-4e30-9c0d-e484e079bb0a::::909a6f0d-67eb-4fd5-affb-47a59fafd5f3', NULL, NULL, '909a6f0d-67eb-4fd5-affb-47a59fafd5f3');
INSERT INTO public.plugins (id, name, consumer_id, config, enabled, created_at, route_id, service_id, cache_key, protocols, tags, ws_id) VALUES ('766a3d26-78d3-4306-8ca9-8881cdc82ac6', 'cors', NULL, '{"headers": ["Authorization", "User-Agent", "Accept", "Accept-Version", "Content-Length", "Content-MD5", "Content-Type", "Date"], "max_age": 3600, "methods": ["GET", "POST", "PUT", "DELETE", "PATCH"], "origins": ["*"], "credentials": false, "preflight_continue": false}', true, '2021-09-29 03:19:56+00', 'd09ce495-381f-402f-af36-7b6c94d5e3b7', NULL, 'plugins:cors:d09ce495-381f-402f-af36-7b6c94d5e3b7::::909a6f0d-67eb-4fd5-affb-47a59fafd5f3', NULL, NULL, '909a6f0d-67eb-4fd5-affb-47a59fafd5f3');
INSERT INTO public.plugins (id, name, consumer_id, config, enabled, created_at, route_id, service_id, cache_key, protocols, tags, ws_id) VALUES ('fc6b752e-43b2-48ee-a7d4-f01d75e11601', 'oauth2', NULL, '{"anonymous": "", "provision_key": "vHNQ0UtVWCCBQQlT9bJZxhe3klkduXQ3", "mandatory_scope": false, "auth_header_name": "authorization", "hide_credentials": false, "token_expiration": 7200, "refresh_token_ttl": 1209600, "global_credentials": true, "enable_implicit_grant": false, "enable_password_grant": true, "enable_authorization_code": false, "enable_client_credentials": false, "accept_http_if_already_terminated": false}', true, '2021-09-29 03:34:15+00', 'a1e272d6-28de-46be-9edd-3100fa014ab3', NULL, 'plugins:oauth2:a1e272d6-28de-46be-9edd-3100fa014ab3::::909a6f0d-67eb-4fd5-affb-47a59fafd5f3', NULL, NULL, '909a6f0d-67eb-4fd5-affb-47a59fafd5f3');
INSERT INTO public.plugins (id, name, consumer_id, config, enabled, created_at, route_id, service_id, cache_key, protocols, tags, ws_id) VALUES ('e6b1e87d-fc70-430a-b7bf-d7dccd9fac3d', 'oauth2', NULL, '{"anonymous": "", "provision_key": "dga8x1bp8rq7FY0eNnGsgtrEAltyX1fp", "mandatory_scope": false, "auth_header_name": "authorization", "hide_credentials": false, "token_expiration": 7200, "refresh_token_ttl": 1209600, "global_credentials": true, "enable_implicit_grant": false, "enable_password_grant": true, "enable_authorization_code": false, "enable_client_credentials": false, "accept_http_if_already_terminated": false}', true, '2022-01-11 20:54:36+00', '059e78ba-5077-4fc3-8b62-629172a42de7', NULL, 'plugins:oauth2:059e78ba-5077-4fc3-8b62-629172a42de7::::909a6f0d-67eb-4fd5-affb-47a59fafd5f3', NULL, NULL, '909a6f0d-67eb-4fd5-affb-47a59fafd5f3');
INSERT INTO public.plugins (id, name, consumer_id, config, enabled, created_at, route_id, service_id, cache_key, protocols, tags, ws_id) VALUES ('39c421a0-6828-4fbf-ba0d-9837f807b992', 'oauth2', NULL, '{"anonymous": "", "provision_key": "I6jrEwjBd5EI7PobDwklw76mC9keJI9B", "mandatory_scope": false, "auth_header_name": "authorization", "hide_credentials": false, "token_expiration": 7200, "refresh_token_ttl": 1209600, "global_credentials": true, "enable_implicit_grant": false, "enable_password_grant": true, "enable_authorization_code": false, "enable_client_credentials": false, "accept_http_if_already_terminated": false}', true, '2022-01-11 20:54:52+00', '8be13a13-3134-4ce6-a841-6c86d747e8d2', NULL, 'plugins:oauth2:8be13a13-3134-4ce6-a841-6c86d747e8d2::::909a6f0d-67eb-4fd5-affb-47a59fafd5f3', NULL, NULL, '909a6f0d-67eb-4fd5-affb-47a59fafd5f3');
INSERT INTO public.plugins (id, name, consumer_id, config, enabled, created_at, route_id, service_id, cache_key, protocols, tags, ws_id) VALUES ('3815d891-3fd6-4bcd-91e5-6e460a33f129', 'cors', NULL, '{"headers": ["Authorization", "User-Agent", "Accept", "Accept-Version", "Content-Length", "Content-MD5", "Content-Type", "Date"], "max_age": 3600, "methods": ["GET", "POST", "PUT", "DELETE", "PATCH"], "origins": ["*"], "credentials": false, "preflight_continue": false}', true, '2022-01-11 20:56:24+00', '059e78ba-5077-4fc3-8b62-629172a42de7', NULL, 'plugins:cors:059e78ba-5077-4fc3-8b62-629172a42de7::::909a6f0d-67eb-4fd5-affb-47a59fafd5f3', NULL, NULL, '909a6f0d-67eb-4fd5-affb-47a59fafd5f3');
INSERT INTO public.plugins (id, name, consumer_id, config, enabled, created_at, route_id, service_id, cache_key, protocols, tags, ws_id) VALUES ('8f2b7e89-f59c-4c38-ae92-ef57af8cdb0d', 'cors', NULL, '{"headers": ["Authorization", "User-Agent", "Accept", "Accept-Version", "Content-Length", "Content-MD5", "Content-Type", "Date"], "max_age": 3600, "methods": ["GET", "POST", "PUT", "DELETE", "PATCH"], "origins": ["*"], "credentials": false, "preflight_continue": false}', true, '2022-01-11 20:56:38+00', '8be13a13-3134-4ce6-a841-6c86d747e8d2', NULL, 'plugins:cors:8be13a13-3134-4ce6-a841-6c86d747e8d2::::909a6f0d-67eb-4fd5-affb-47a59fafd5f3', NULL, NULL, '909a6f0d-67eb-4fd5-affb-47a59fafd5f3');
INSERT INTO public.plugins (id, name, consumer_id, config, enabled, created_at, route_id, service_id, cache_key, protocols, tags, ws_id) VALUES ('24364529-3bd9-4e18-b057-012b5c46e3fa', 'cors', NULL, '{"headers": ["Authorization", "User-Agent", "Accept", "Accept-Version", "Content-Length", "Content-MD5", "Content-Type", "Date"], "max_age": 3600, "methods": ["GET", "POST", "PUT", "DELETE", "PATCH"], "origins": ["*"], "credentials": false, "preflight_continue": false}', true, '2022-01-31 03:15:53+00', '14f67b05-b486-4b86-9b2a-b8c28b3e81fe', NULL, 'plugins:cors:14f67b05-b486-4b86-9b2a-b8c28b3e81fe::::909a6f0d-67eb-4fd5-affb-47a59fafd5f3', NULL, NULL, '909a6f0d-67eb-4fd5-affb-47a59fafd5f3');
INSERT INTO public.plugins (id, name, consumer_id, config, enabled, created_at, route_id, service_id, cache_key, protocols, tags, ws_id) VALUES ('0ec125a1-1df8-4ca9-ba8f-4d154c114ada', 'oauth2', NULL, '{"anonymous": "", "provision_key": "95Wp5ZzgBi2ybYy2mNkmk12Yp8MoDZWk", "mandatory_scope": false, "auth_header_name": "authorization", "hide_credentials": false, "token_expiration": 7200, "refresh_token_ttl": 1209600, "global_credentials": true, "enable_implicit_grant": false, "enable_password_grant": true, "enable_authorization_code": false, "enable_client_credentials": false, "accept_http_if_already_terminated": false}', true, '2022-07-29 03:48:08+00', '1bcba7b9-0e8d-4aa6-b733-1d399eaf6b0d', NULL, 'plugins:oauth2:1bcba7b9-0e8d-4aa6-b733-1d399eaf6b0d::::909a6f0d-67eb-4fd5-affb-47a59fafd5f3', NULL, NULL, '909a6f0d-67eb-4fd5-affb-47a59fafd5f3');
INSERT INTO public.plugins (id, name, consumer_id, config, enabled, created_at, route_id, service_id, cache_key, protocols, tags, ws_id) VALUES ('1504bf06-ff5b-4292-acb8-39c48de3d50c', 'cors', NULL, '{"headers": ["Authorization", "User-Agent", "Accept", "Accept-Version", "Content-Length", "Content-MD5", "Content-Type", "Date"], "max_age": 3600, "methods": ["GET", "POST", "PUT", "PATCH", "DELETE"], "origins": ["*"], "credentials": true, "preflight_continue": false}', true, '2022-07-29 03:48:53+00', '1bcba7b9-0e8d-4aa6-b733-1d399eaf6b0d', NULL, 'plugins:cors:1bcba7b9-0e8d-4aa6-b733-1d399eaf6b0d::::909a6f0d-67eb-4fd5-affb-47a59fafd5f3', NULL, NULL, '909a6f0d-67eb-4fd5-affb-47a59fafd5f3');
INSERT INTO public.plugins (id, name, consumer_id, config, enabled, created_at, route_id, service_id, cache_key, protocols, tags, ws_id) VALUES ('b6ed52fc-c662-4065-8fc0-e6ca9f8324b6', 'cors', NULL, '{"headers": ["Authorization", "User-Agent", "Accept", "Accept-Version", "Content-Length", "Content-MD5", "Content-Type", "Date"], "max_age": 3600, "methods": ["GET", "POST", "PUT", "DELETE", "PATCH"], "origins": ["*"], "credentials": true, "preflight_continue": false}', true, '2022-10-25 09:41:11+00', '308d2c6f-c699-4d7d-bbbc-f15ca364e912', NULL, 'plugins:cors:308d2c6f-c699-4d7d-bbbc-f15ca364e912::::909a6f0d-67eb-4fd5-affb-47a59fafd5f3', NULL, NULL, '909a6f0d-67eb-4fd5-affb-47a59fafd5f3');
INSERT INTO public.plugins (id, name, consumer_id, config, enabled, created_at, route_id, service_id, cache_key, protocols, tags, ws_id) VALUES ('33c7ce64-4d93-4b4f-aa9d-c0f6bbde61ef', 'cors', NULL, '{"headers": ["Authorization", "User-Agent", "Accept", "Accept-Version", "Content-Length", "Content-MD5", "Content-Type", "Date"], "max_age": 3600, "methods": ["GET", "POST", "PUT", "DELETE", "PATCH"], "origins": ["*"], "credentials": true, "preflight_continue": false}', true, '2022-10-25 09:45:27+00', '3e6927d8-1b94-4ec9-b55b-631542130d6f', NULL, 'plugins:cors:3e6927d8-1b94-4ec9-b55b-631542130d6f::::909a6f0d-67eb-4fd5-affb-47a59fafd5f3', NULL, NULL, '909a6f0d-67eb-4fd5-affb-47a59fafd5f3');
INSERT INTO public.plugins (id, name, consumer_id, config, enabled, created_at, route_id, service_id, cache_key, protocols, tags, ws_id) VALUES ('0898539f-4479-44f9-ac83-abd1828c4191', 'cors', NULL, '{"headers": ["Authorization", "User-Agent", "Accept", "Accept-Version", "Content-Length", "Content-MD5", "Content-Type", "Date"], "max_age": 3600, "methods": ["GET", "POST", "PUT", "DELETE", "PATCH"], "origins": ["*"], "credentials": false, "preflight_continue": false}', true, '2022-11-10 02:31:11+00', '95f35755-1e96-489e-9de3-6bcf9c623602', NULL, 'plugins:cors:95f35755-1e96-489e-9de3-6bcf9c623602::::909a6f0d-67eb-4fd5-affb-47a59fafd5f3', NULL, NULL, '909a6f0d-67eb-4fd5-affb-47a59fafd5f3');
INSERT INTO public.plugins (id, name, consumer_id, config, enabled, created_at, route_id, service_id, cache_key, protocols, tags, ws_id) VALUES ('4737a49f-f86f-4ac4-979a-51563f9a83fd', 'oauth2', NULL, '{"anonymous": "", "provision_key": "UjAjOoht58YFVluyklsIQGJjYOyCtM71", "mandatory_scope": false, "auth_header_name": "authorization", "hide_credentials": false, "token_expiration": 7200, "refresh_token_ttl": 1209600, "global_credentials": true, "enable_implicit_grant": false, "enable_password_grant": true, "enable_authorization_code": false, "enable_client_credentials": false, "accept_http_if_already_terminated": false}', true, '2022-11-10 02:31:11+00', '95f35755-1e96-489e-9de3-6bcf9c623602', NULL, 'plugins:oauth2:95f35755-1e96-489e-9de3-6bcf9c623602::::909a6f0d-67eb-4fd5-affb-47a59fafd5f3', NULL, NULL, '909a6f0d-67eb-4fd5-affb-47a59fafd5f3');
INSERT INTO public.plugins (id, name, consumer_id, config, enabled, created_at, route_id, service_id, cache_key, protocols, tags, ws_id) VALUES ('438b549e-304b-446f-b7df-5c399c3d344d', 'cors', NULL, '{"headers": ["Authorization", "User-Agent", "Accept", "Accept-Version", "Content-Length", "Content-MD5", "Content-Type", "Date"], "max_age": 3600, "methods": ["GET", "POST", "PUT", "DELETE", "PATCH"], "origins": ["*"], "credentials": false, "preflight_continue": false}', true, '2022-11-10 02:31:58+00', '464e56ca-6652-4160-ad6d-a773bc64bdb2', NULL, 'plugins:cors:464e56ca-6652-4160-ad6d-a773bc64bdb2::::909a6f0d-67eb-4fd5-affb-47a59fafd5f3', NULL, NULL, '909a6f0d-67eb-4fd5-affb-47a59fafd5f3');
INSERT INTO public.plugins (id, name, consumer_id, config, enabled, created_at, route_id, service_id, cache_key, protocols, tags, ws_id) VALUES ('b85a5d92-2615-41e2-baf4-011a4193ef14', 'oauth2', NULL, '{"anonymous": "", "provision_key": "1D15UuDkIit26LOfhu6IJJIRtOe09Ezw", "mandatory_scope": false, "auth_header_name": "authorization", "hide_credentials": false, "token_expiration": 7200, "refresh_token_ttl": 1209600, "global_credentials": true, "enable_implicit_grant": false, "enable_password_grant": true, "enable_authorization_code": false, "enable_client_credentials": false, "accept_http_if_already_terminated": false}', true, '2022-11-10 02:31:58+00', '464e56ca-6652-4160-ad6d-a773bc64bdb2', NULL, 'plugins:oauth2:464e56ca-6652-4160-ad6d-a773bc64bdb2::::909a6f0d-67eb-4fd5-affb-47a59fafd5f3', NULL, NULL, '909a6f0d-67eb-4fd5-affb-47a59fafd5f3');
INSERT INTO public.plugins (id, name, consumer_id, config, enabled, created_at, route_id, service_id, cache_key, protocols, tags, ws_id) VALUES ('0d7a9b61-e136-403c-86f2-e3c08d5701eb', 'acl', NULL, '{"allow": ["user", "admin", "superadmin", "root"], "hide_groups_header": false}', true, '2019-10-11 14:10:15+00', '250de7c9-5946-42e5-8ecf-8674c1085af5', NULL, 'plugins:acl:250de7c9-5946-42e5-8ecf-8674c1085af5::::909a6f0d-67eb-4fd5-affb-47a59fafd5f3', NULL, NULL, '909a6f0d-67eb-4fd5-affb-47a59fafd5f3');
INSERT INTO public.plugins (id, name, consumer_id, config, enabled, created_at, route_id, service_id, cache_key, protocols, tags, ws_id) VALUES ('a1d2d5a8-7648-4c81-80ce-35fb745dfe78', 'acl', NULL, '{"allow": ["superadmin", "root"], "hide_groups_header": false}', true, '2022-01-11 20:56:03+00', '059e78ba-5077-4fc3-8b62-629172a42de7', NULL, 'plugins:acl:059e78ba-5077-4fc3-8b62-629172a42de7::::909a6f0d-67eb-4fd5-affb-47a59fafd5f3', NULL, NULL, '909a6f0d-67eb-4fd5-affb-47a59fafd5f3');
INSERT INTO public.plugins (id, name, consumer_id, config, enabled, created_at, route_id, service_id, cache_key, protocols, tags, ws_id) VALUES ('484d72ab-efff-4c31-89b6-7083b192bbd3', 'acl', NULL, '{"allow": ["admin", "superadmin", "root"], "hide_groups_header": false}', true, '2022-01-11 20:55:26+00', '8be13a13-3134-4ce6-a841-6c86d747e8d2', NULL, 'plugins:acl:8be13a13-3134-4ce6-a841-6c86d747e8d2::::909a6f0d-67eb-4fd5-affb-47a59fafd5f3', NULL, NULL, '909a6f0d-67eb-4fd5-affb-47a59fafd5f3');
INSERT INTO public.plugins (id, name, consumer_id, config, enabled, created_at, route_id, service_id, cache_key, protocols, tags, ws_id) VALUES ('34851bc2-fa5a-476e-9432-b74706cc6135', 'acl', NULL, '{"allow": ["superadmin", "root"], "hide_groups_header": false}', true, '2021-09-29 03:19:45+00', 'd09ce495-381f-402f-af36-7b6c94d5e3b7', NULL, 'plugins:acl:d09ce495-381f-402f-af36-7b6c94d5e3b7::::909a6f0d-67eb-4fd5-affb-47a59fafd5f3', NULL, NULL, '909a6f0d-67eb-4fd5-affb-47a59fafd5f3');
INSERT INTO public.plugins (id, name, consumer_id, config, enabled, created_at, route_id, service_id, cache_key, protocols, tags, ws_id) VALUES ('40d50dfb-156a-4b0b-ab80-20dc93f8d910', 'acl', NULL, '{"allow": ["root", "superadmin"], "hide_groups_header": false}', true, '2022-10-25 09:39:40+00', '308d2c6f-c699-4d7d-bbbc-f15ca364e912', NULL, 'plugins:acl:308d2c6f-c699-4d7d-bbbc-f15ca364e912::::909a6f0d-67eb-4fd5-affb-47a59fafd5f3', NULL, NULL, '909a6f0d-67eb-4fd5-affb-47a59fafd5f3');
INSERT INTO public.plugins (id, name, consumer_id, config, enabled, created_at, route_id, service_id, cache_key, protocols, tags, ws_id) VALUES ('fbc90d18-9f02-4597-89a8-3ef7d7ec3220', 'acl', NULL, '{"allow": ["root", "superadmin", "admin"], "hide_groups_header": false}', true, '2022-10-25 09:45:09+00', '3e6927d8-1b94-4ec9-b55b-631542130d6f', NULL, 'plugins:acl:3e6927d8-1b94-4ec9-b55b-631542130d6f::::909a6f0d-67eb-4fd5-affb-47a59fafd5f3', NULL, NULL, '909a6f0d-67eb-4fd5-affb-47a59fafd5f3');
INSERT INTO public.plugins (id, name, consumer_id, config, enabled, created_at, route_id, service_id, cache_key, protocols, tags, ws_id) VALUES ('d0206e24-3464-467f-9fc0-40124943371a', 'acl', NULL, '{"allow": ["user", "admin", "superadmin", "root"], "hide_groups_header": false}', true, '2022-07-29 03:47:24+00', '1bcba7b9-0e8d-4aa6-b733-1d399eaf6b0d', NULL, 'plugins:acl:1bcba7b9-0e8d-4aa6-b733-1d399eaf6b0d::::909a6f0d-67eb-4fd5-affb-47a59fafd5f3', NULL, NULL, '909a6f0d-67eb-4fd5-affb-47a59fafd5f3');
INSERT INTO public.plugins (id, name, consumer_id, config, enabled, created_at, route_id, service_id, cache_key, protocols, tags, ws_id) VALUES ('9d1b79ba-ccdc-4a4b-b5c5-6f17d3085d54', 'acl', NULL, '{"allow": ["admin", "superadmin", "root"], "hide_groups_header": false}', true, '2021-09-29 03:11:31+00', 'cbbd4edb-dd83-4e30-9c0d-e484e079bb0a', NULL, 'plugins:acl:cbbd4edb-dd83-4e30-9c0d-e484e079bb0a::::909a6f0d-67eb-4fd5-affb-47a59fafd5f3', NULL, NULL, '909a6f0d-67eb-4fd5-affb-47a59fafd5f3');
INSERT INTO public.plugins (id, name, consumer_id, config, enabled, created_at, route_id, service_id, cache_key, protocols, tags, ws_id) VALUES ('2d3037be-e0d3-46f0-b30b-1017dc166614', 'acl', NULL, '{"allow": ["superadmin", "root"], "hide_groups_header": false}', true, '2022-11-08 03:53:13+00', '172d3563-36af-4342-bd7b-0e599cf42f9b', NULL, 'plugins:acl:172d3563-36af-4342-bd7b-0e599cf42f9b::::909a6f0d-67eb-4fd5-affb-47a59fafd5f3', NULL, NULL, '909a6f0d-67eb-4fd5-affb-47a59fafd5f3');
INSERT INTO public.plugins (id, name, consumer_id, config, enabled, created_at, route_id, service_id, cache_key, protocols, tags, ws_id) VALUES ('07e4757e-581a-45c2-8b61-4bc98b26efd9', 'acl', NULL, '{"allow": ["root", "superadmin", "admin"], "hide_groups_header": false}', true, '2022-11-10 02:31:11+00', '95f35755-1e96-489e-9de3-6bcf9c623602', NULL, 'plugins:acl:95f35755-1e96-489e-9de3-6bcf9c623602::::909a6f0d-67eb-4fd5-affb-47a59fafd5f3', NULL, NULL, '909a6f0d-67eb-4fd5-affb-47a59fafd5f3');
INSERT INTO public.plugins (id, name, consumer_id, config, enabled, created_at, route_id, service_id, cache_key, protocols, tags, ws_id) VALUES ('0c98a9bd-c1bf-4027-a900-046eca046f5d', 'acl', NULL, '{"allow": ["root", "superadmin", "admin"], "hide_groups_header": false}', true, '2022-11-10 02:31:58+00', '464e56ca-6652-4160-ad6d-a773bc64bdb2', NULL, 'plugins:acl:464e56ca-6652-4160-ad6d-a773bc64bdb2::::909a6f0d-67eb-4fd5-affb-47a59fafd5f3', NULL, NULL, '909a6f0d-67eb-4fd5-affb-47a59fafd5f3');
INSERT INTO public.plugins (id, name, consumer_id, config, enabled, created_at, route_id, service_id, cache_key, protocols, tags, ws_id) VALUES ('a80722f9-145a-4986-84df-18ee8ca2d011', 'acl', NULL, '{"allow": ["admin", "superadmin", "root"], "hide_groups_header": false}', true, '2023-02-10 01:54:10+00', 'ddf250a4-d1d9-4f8f-96b8-6d0465d7756c', NULL, 'plugins:acl:ddf250a4-d1d9-4f8f-96b8-6d0465d7756c::::909a6f0d-67eb-4fd5-affb-47a59fafd5f3', NULL, NULL, '909a6f0d-67eb-4fd5-affb-47a59fafd5f3');
INSERT INTO public.plugins (id, name, consumer_id, config, enabled, created_at, route_id, service_id, cache_key, protocols, tags, ws_id) VALUES ('b913f2d9-d665-4d53-96fa-f1ee40059dd2', 'cors', NULL, '{"headers": ["Authorization", "User-Agent", "Accept", "Accept-Version", "Content-Length", "Content-MD5", "Content-Type", "Date"], "max_age": 3600, "methods": ["GET", "POST", "PUT", "DELETE", "PATCH"], "origins": ["*"], "credentials": false, "preflight_continue": false}', true, '2022-11-10 02:31:58+00', 'a57eabce-0db0-4dfb-b999-82962ec0db53', NULL, 'plugins:cors:a57eabce-0db0-4dfb-b999-82962ec0db53::::909a6f0d-67eb-4fd5-affb-47a59fafd5f3', NULL, NULL, '909a6f0d-67eb-4fd5-affb-47a59fafd5f3');
INSERT INTO public.plugins (id, name, consumer_id, config, enabled, created_at, route_id, service_id, cache_key, protocols, tags, ws_id) VALUES ('b5aa1167-be20-4b2a-a51e-e75f6bf5f3f7', 'cors', NULL, '{"headers": ["Authorization", "User-Agent", "Accept", "Accept-Version", "Content-Length", "Content-MD5", "Content-Type", "Date"], "max_age": 3600, "methods": ["GET", "POST", "PUT", "DELETE", "PATCH"], "origins": ["*"], "credentials": false, "preflight_continue": false}', true, '2022-11-10 02:31:58+00', '8f077c89-156f-46b7-b3e3-7d3d6f10ec78', NULL, 'plugins:cors:8f077c89-156f-46b7-b3e3-7d3d6f10ec78::::909a6f0d-67eb-4fd5-affb-47a59fafd5f3', NULL, NULL, '909a6f0d-67eb-4fd5-affb-47a59fafd5f3');
INSERT INTO public.plugins (id, name, consumer_id, config, enabled, created_at, route_id, service_id, cache_key, protocols, tags, ws_id) VALUES ('a6bf0969-b5ef-41b3-bc94-476985d7fe3b', 'oauth2', NULL, '{"anonymous": "", "provision_key": "wa5meCZ0sMjz3ZxNIAXZmx2GVgzcl0XC", "mandatory_scope": false, "auth_header_name": "authorization", "hide_credentials": false, "token_expiration": 7200, "refresh_token_ttl": 1209600, "global_credentials": true, "enable_implicit_grant": false, "enable_password_grant": true, "enable_authorization_code": false, "enable_client_credentials": false, "accept_http_if_already_terminated": false}', true, '2022-11-10 02:31:58+00', '8f077c89-156f-46b7-b3e3-7d3d6f10ec78', NULL, 'plugins:oauth2:8f077c89-156f-46b7-b3e3-7d3d6f10ec78::::909a6f0d-67eb-4fd5-affb-47a59fafd5f3', NULL, NULL, '909a6f0d-67eb-4fd5-affb-47a59fafd5f3');
INSERT INTO public.plugins (id, name, consumer_id, config, enabled, created_at, route_id, service_id, cache_key, protocols, tags, ws_id) VALUES ('7535b1c4-9a48-4894-927a-48ecb61ec99e', 'cors', NULL, '{"headers": ["Authorization", "User-Agent", "Accept", "Accept-Version", "Content-Length", "Content-MD5", "Content-Type", "Date"], "max_age": 3600, "methods": ["GET", "POST", "PUT", "DELETE", "PATCH"], "origins": ["*"], "credentials": false, "preflight_continue": false}', true, '2022-11-10 02:47:10+00', '9b6d41d7-a3e6-4a62-aa1a-04b99ce5d001', NULL, 'plugins:cors:9b6d41d7-a3e6-4a62-aa1a-04b99ce5d001::::909a6f0d-67eb-4fd5-affb-47a59fafd5f3', NULL, NULL, '909a6f0d-67eb-4fd5-affb-47a59fafd5f3');
INSERT INTO public.plugins (id, name, consumer_id, config, enabled, created_at, route_id, service_id, cache_key, protocols, tags, ws_id) VALUES ('5452c73f-26fb-4305-af6f-050b58b7c30e', 'oauth2', NULL, '{"anonymous": "", "provision_key": "2ev9PNUlvJET5Ey96cpOA292W37Qg3hy", "mandatory_scope": false, "auth_header_name": "authorization", "hide_credentials": false, "token_expiration": 7200, "refresh_token_ttl": 1209600, "global_credentials": true, "enable_implicit_grant": false, "enable_password_grant": true, "enable_authorization_code": false, "enable_client_credentials": false, "accept_http_if_already_terminated": false}', true, '2022-11-10 02:47:10+00', '9b6d41d7-a3e6-4a62-aa1a-04b99ce5d001', NULL, 'plugins:oauth2:9b6d41d7-a3e6-4a62-aa1a-04b99ce5d001::::909a6f0d-67eb-4fd5-affb-47a59fafd5f3', NULL, NULL, '909a6f0d-67eb-4fd5-affb-47a59fafd5f3');
INSERT INTO public.plugins (id, name, consumer_id, config, enabled, created_at, route_id, service_id, cache_key, protocols, tags, ws_id) VALUES ('a4ccb940-80ef-468e-b05f-ec41e2ed06f6', 'cors', NULL, '{"headers": ["Authorization", "User-Agent", "Accept", "Accept-Version", "Content-Length", "Content-MD5", "Content-Type", "Date"], "max_age": 3600, "methods": ["GET", "POST", "PUT", "DELETE", "PATCH"], "origins": ["*"], "credentials": false, "preflight_continue": false}', true, '2022-11-10 02:47:10+00', 'bbab5694-34dd-41ba-bfda-9e4941ce3d45', NULL, 'plugins:cors:bbab5694-34dd-41ba-bfda-9e4941ce3d45::::909a6f0d-67eb-4fd5-affb-47a59fafd5f3', NULL, NULL, '909a6f0d-67eb-4fd5-affb-47a59fafd5f3');
INSERT INTO public.plugins (id, name, consumer_id, config, enabled, created_at, route_id, service_id, cache_key, protocols, tags, ws_id) VALUES ('40808d98-dd68-44be-b19b-a868abf9c57f', 'cors', NULL, '{"headers": ["Authorization", "User-Agent", "Accept", "Accept-Version", "Content-Length", "Content-MD5", "Content-Type", "Date"], "max_age": 3600, "methods": ["GET", "POST", "PUT", "DELETE", "PATCH"], "origins": ["*"], "credentials": false, "preflight_continue": false}', true, '2022-11-10 02:47:10+00', 'd5bc919d-b60f-490a-bbfc-f9f652b8ac07', NULL, 'plugins:cors:d5bc919d-b60f-490a-bbfc-f9f652b8ac07::::909a6f0d-67eb-4fd5-affb-47a59fafd5f3', NULL, NULL, '909a6f0d-67eb-4fd5-affb-47a59fafd5f3');
INSERT INTO public.plugins (id, name, consumer_id, config, enabled, created_at, route_id, service_id, cache_key, protocols, tags, ws_id) VALUES ('ce2111f7-1363-46d5-a033-6c3d1120439a', 'cors', NULL, '{"headers": ["Authorization", "User-Agent", "Accept", "Accept-Version", "Content-Length", "Content-MD5", "Content-Type", "Date"], "max_age": 3600, "methods": ["GET", "POST", "PUT", "DELETE", "PATCH"], "origins": ["*"], "credentials": false, "preflight_continue": false}', true, '2022-11-16 08:56:03+00', '80e1fd4c-245c-482d-9fce-575353103887', NULL, 'plugins:cors:80e1fd4c-245c-482d-9fce-575353103887::::909a6f0d-67eb-4fd5-affb-47a59fafd5f3', NULL, NULL, '909a6f0d-67eb-4fd5-affb-47a59fafd5f3');
INSERT INTO public.plugins (id, name, consumer_id, config, enabled, created_at, route_id, service_id, cache_key, protocols, tags, ws_id) VALUES ('f62c1ae9-ccfe-4109-a4e8-b2d84f382c3b', 'oauth2', NULL, '{"anonymous": "", "provision_key": "9pLokJkV8F9Ng1nIH1KACT5GYf217f3V", "mandatory_scope": false, "auth_header_name": "authorization", "hide_credentials": false, "token_expiration": 7200, "refresh_token_ttl": 1209600, "global_credentials": true, "enable_implicit_grant": false, "enable_password_grant": true, "enable_authorization_code": false, "enable_client_credentials": false, "accept_http_if_already_terminated": false}', true, '2022-11-16 08:56:03+00', '80e1fd4c-245c-482d-9fce-575353103887', NULL, 'plugins:oauth2:80e1fd4c-245c-482d-9fce-575353103887::::909a6f0d-67eb-4fd5-affb-47a59fafd5f3', NULL, NULL, '909a6f0d-67eb-4fd5-affb-47a59fafd5f3');
INSERT INTO public.plugins (id, name, consumer_id, config, enabled, created_at, route_id, service_id, cache_key, protocols, tags, ws_id) VALUES ('98a78949-2217-4341-ae44-6238ad9b6669', 'cors', NULL, '{"headers": ["Authorization", "User-Agent", "Accept", "Accept-Version", "Content-Length", "Content-MD5", "Content-Type", "Date"], "max_age": 3600, "methods": ["GET", "POST", "PUT", "DELETE", "PATCH"], "origins": ["*"], "credentials": false, "preflight_continue": false}', true, '2023-02-10 01:50:26+00', 'd3607272-7d4f-4362-8496-fe6bae4ac63b', NULL, 'plugins:cors:d3607272-7d4f-4362-8496-fe6bae4ac63b::::909a6f0d-67eb-4fd5-affb-47a59fafd5f3', NULL, NULL, '909a6f0d-67eb-4fd5-affb-47a59fafd5f3');
INSERT INTO public.plugins (id, name, consumer_id, config, enabled, created_at, route_id, service_id, cache_key, protocols, tags, ws_id) VALUES ('56b5dc6c-2e4e-4ef2-89a5-7e81a7fc9af9', 'cors', NULL, '{"headers": ["Authorization", "User-Agent", "Accept", "Accept-Version", "Content-Length", "Content-MD5", "Content-Type", "Date"], "max_age": 3600, "methods": ["GET", "POST", "PUT", "DELETE", "PATCH"], "origins": ["*"], "credentials": false, "preflight_continue": false}', true, '2023-02-10 01:51:35+00', 'ddf250a4-d1d9-4f8f-96b8-6d0465d7756c', NULL, 'plugins:cors:ddf250a4-d1d9-4f8f-96b8-6d0465d7756c::::909a6f0d-67eb-4fd5-affb-47a59fafd5f3', NULL, NULL, '909a6f0d-67eb-4fd5-affb-47a59fafd5f3');
INSERT INTO public.plugins (id, name, consumer_id, config, enabled, created_at, route_id, service_id, cache_key, protocols, tags, ws_id) VALUES ('0e588d49-4310-4e03-af4f-b510786c9358', 'oauth2', NULL, '{"anonymous": "", "provision_key": "frg61d7lX09oayi0h8Euf92GEG8LT1XB", "mandatory_scope": false, "auth_header_name": "authorization", "hide_credentials": false, "token_expiration": 7200, "refresh_token_ttl": 1209600, "global_credentials": true, "enable_implicit_grant": false, "enable_password_grant": true, "enable_authorization_code": false, "enable_client_credentials": false, "accept_http_if_already_terminated": false}', true, '2023-02-10 01:51:44+00', 'ddf250a4-d1d9-4f8f-96b8-6d0465d7756c', NULL, 'plugins:oauth2:ddf250a4-d1d9-4f8f-96b8-6d0465d7756c::::909a6f0d-67eb-4fd5-affb-47a59fafd5f3', NULL, NULL, '909a6f0d-67eb-4fd5-affb-47a59fafd5f3');
INSERT INTO public.plugins (id, name, consumer_id, config, enabled, created_at, route_id, service_id, cache_key, protocols, tags, ws_id) VALUES ('9ced9fce-774d-41f8-8a74-3ce31845be84', 'acl', NULL, '{"allow": ["root", "superadmin", "admin"], "hide_groups_header": false}', true, '2022-11-10 02:47:10+00', '9b6d41d7-a3e6-4a62-aa1a-04b99ce5d001', NULL, 'plugins:acl:9b6d41d7-a3e6-4a62-aa1a-04b99ce5d001::::909a6f0d-67eb-4fd5-affb-47a59fafd5f3', NULL, NULL, '909a6f0d-67eb-4fd5-affb-47a59fafd5f3');
INSERT INTO public.plugins (id, name, consumer_id, config, enabled, created_at, route_id, service_id, cache_key, protocols, tags, ws_id) VALUES ('cb53a289-49fa-484c-8cbc-9cb800d24b3c', 'acl', NULL, '{"allow": ["root", "superadmin"], "hide_groups_header": false}', true, '2022-11-10 02:47:10+00', 'bbab5694-34dd-41ba-bfda-9e4941ce3d45', NULL, 'plugins:acl:bbab5694-34dd-41ba-bfda-9e4941ce3d45::::909a6f0d-67eb-4fd5-affb-47a59fafd5f3', NULL, NULL, '909a6f0d-67eb-4fd5-affb-47a59fafd5f3');
INSERT INTO public.plugins (id, name, consumer_id, config, enabled, created_at, route_id, service_id, cache_key, protocols, tags, ws_id) VALUES ('9c1bab0f-7eb7-4a4c-8f1b-2eb6bf16cb91', 'acl', NULL, '{"allow": ["root", "superadmin", "admin"], "hide_groups_header": false}', true, '2022-11-16 08:56:03+00', '80e1fd4c-245c-482d-9fce-575353103887', NULL, 'plugins:acl:80e1fd4c-245c-482d-9fce-575353103887::::909a6f0d-67eb-4fd5-affb-47a59fafd5f3', NULL, NULL, '909a6f0d-67eb-4fd5-affb-47a59fafd5f3');
INSERT INTO public.plugins (id, name, consumer_id, config, enabled, created_at, route_id, service_id, cache_key, protocols, tags, ws_id) VALUES ('cc99ca6e-659f-4f6f-b350-83eded27b8df', 'acl', NULL, '{"allow": ["admin", "superadmin", "root"], "hide_groups_header": false}', true, '2023-02-10 01:48:32+00', 'd3607272-7d4f-4362-8496-fe6bae4ac63b', NULL, 'plugins:acl:d3607272-7d4f-4362-8496-fe6bae4ac63b::::909a6f0d-67eb-4fd5-affb-47a59fafd5f3', NULL, NULL, '909a6f0d-67eb-4fd5-affb-47a59fafd5f3');
INSERT INTO public.plugins (id, name, consumer_id, config, enabled, created_at, route_id, service_id, cache_key, protocols, tags, ws_id) VALUES ('44023c9d-a197-44ca-ba51-576130ea69be', 'oauth2', NULL, '{"anonymous": "", "provision_key": "frg61d7lX09oayi0h8Euf92GEG8LT1XB", "mandatory_scope": false, "auth_header_name": "authorization", "hide_credentials": false, "token_expiration": 7200, "refresh_token_ttl": 1209600, "global_credentials": true, "enable_implicit_grant": false, "enable_password_grant": true, "enable_authorization_code": false, "enable_client_credentials": false, "accept_http_if_already_terminated": false}', true, '2023-02-10 01:54:42+00', '9619d674-e597-4374-a57f-43dd3a77c69b', NULL, 'plugins:oauth2:9619d674-e597-4374-a57f-43dd3a77c69b::::909a6f0d-67eb-4fd5-affb-47a59fafd5f3', NULL, NULL, '909a6f0d-67eb-4fd5-affb-47a59fafd5f3');
INSERT INTO public.plugins (id, name, consumer_id, config, enabled, created_at, route_id, service_id, cache_key, protocols, tags, ws_id) VALUES ('f2d09dd3-bf06-487d-88cb-4ee8d60fefdc', 'cors', NULL, '{"headers": ["Authorization", "User-Agent", "Accept", "Accept-Version", "Content-Length", "Content-MD5", "Content-Type", "Date"], "max_age": 3600, "methods": ["GET", "POST", "PUT", "DELETE", "PATCH"], "origins": ["*"], "credentials": false, "preflight_continue": false}', true, '2023-02-10 01:54:52+00', '9619d674-e597-4374-a57f-43dd3a77c69b', NULL, 'plugins:cors:9619d674-e597-4374-a57f-43dd3a77c69b::::909a6f0d-67eb-4fd5-affb-47a59fafd5f3', NULL, NULL, '909a6f0d-67eb-4fd5-affb-47a59fafd5f3');
INSERT INTO public.plugins (id, name, consumer_id, config, enabled, created_at, route_id, service_id, cache_key, protocols, tags, ws_id) VALUES ('c524bed5-985c-48a5-a177-e31ed99ebe05', 'cors', NULL, '{"headers": ["Authorization", "User-Agent", "Accept", "Accept-Version", "Content-Length", "Content-MD5", "Content-Type", "Date"], "max_age": 3600, "methods": ["GET", "POST", "PUT", "DELETE", "PATCH"], "origins": ["*"], "credentials": false, "preflight_continue": false}', true, '2023-02-10 01:55:18+00', '08476344-7899-4dac-94fe-745bbc81ffed', NULL, 'plugins:cors:08476344-7899-4dac-94fe-745bbc81ffed::::909a6f0d-67eb-4fd5-affb-47a59fafd5f3', NULL, NULL, '909a6f0d-67eb-4fd5-affb-47a59fafd5f3');
INSERT INTO public.plugins (id, name, consumer_id, config, enabled, created_at, route_id, service_id, cache_key, protocols, tags, ws_id) VALUES ('b70c9a1e-68d9-4137-96dd-03a3fbe8f728', 'oauth2', NULL, '{"anonymous": "", "provision_key": "94lqi8SyLRHEjTkHWgHp3lL8HxmC9w4r", "mandatory_scope": false, "auth_header_name": "authorization", "hide_credentials": false, "token_expiration": 7200, "refresh_token_ttl": 1209600, "global_credentials": true, "enable_implicit_grant": false, "enable_password_grant": true, "enable_authorization_code": false, "enable_client_credentials": false, "accept_http_if_already_terminated": false}', true, '2023-03-08 04:06:55+00', '9607dce8-ab00-4746-8068-9eab9bfc2cf0', NULL, 'plugins:oauth2:9607dce8-ab00-4746-8068-9eab9bfc2cf0::::909a6f0d-67eb-4fd5-affb-47a59fafd5f3', NULL, NULL, '909a6f0d-67eb-4fd5-affb-47a59fafd5f3');
INSERT INTO public.plugins (id, name, consumer_id, config, enabled, created_at, route_id, service_id, cache_key, protocols, tags, ws_id) VALUES ('466de507-5570-4958-8886-169437f922f9', 'cors', NULL, '{"headers": ["Authorization", "User-Agent", "Accept", "Accept-Version", "Content-Length", "Content-MD5", "Content-Type", "Date"], "max_age": 3600, "methods": ["GET", "POST", "PUT", "PATCH", "DELETE"], "origins": ["*"], "credentials": true, "preflight_continue": false}', true, '2023-03-08 04:07:22+00', '9607dce8-ab00-4746-8068-9eab9bfc2cf0', NULL, 'plugins:cors:9607dce8-ab00-4746-8068-9eab9bfc2cf0::::909a6f0d-67eb-4fd5-affb-47a59fafd5f3', NULL, NULL, '909a6f0d-67eb-4fd5-affb-47a59fafd5f3');
INSERT INTO public.plugins (id, name, consumer_id, config, enabled, created_at, route_id, service_id, cache_key, protocols, tags, ws_id) VALUES ('c8aa8f8d-e5bc-404a-8113-f2f9f3dd9fc3', 'cors', NULL, '{"headers": ["Authorization", "User-Agent", "Accept", "Accept-Version", "Content-Length", "Content-MD5", "Content-Type", "Date"], "max_age": 3600, "methods": ["GET", "POST", "PUT", "DELETE", "PATCH"], "origins": ["*"], "credentials": false, "preflight_continue": false}', true, '2023-03-15 08:51:42+00', 'd7eb88e4-e80e-440a-9eac-7592eee7e9f2', NULL, 'plugins:cors:d7eb88e4-e80e-440a-9eac-7592eee7e9f2::::909a6f0d-67eb-4fd5-affb-47a59fafd5f3', NULL, NULL, '909a6f0d-67eb-4fd5-affb-47a59fafd5f3');
INSERT INTO public.plugins (id, name, consumer_id, config, enabled, created_at, route_id, service_id, cache_key, protocols, tags, ws_id) VALUES ('9e7b776e-5d36-43c0-8762-43eda392c1e2', 'oauth2', NULL, '{"anonymous": "", "provision_key": "frg61d7lX09oayi0h8Euf92GEG8LT1XB", "mandatory_scope": false, "auth_header_name": "authorization", "hide_credentials": false, "token_expiration": 7200, "refresh_token_ttl": 1209600, "global_credentials": true, "enable_implicit_grant": false, "enable_password_grant": true, "enable_authorization_code": false, "enable_client_credentials": false, "accept_http_if_already_terminated": false}', true, '2023-03-15 08:52:15+00', 'd7eb88e4-e80e-440a-9eac-7592eee7e9f2', NULL, 'plugins:oauth2:d7eb88e4-e80e-440a-9eac-7592eee7e9f2::::909a6f0d-67eb-4fd5-affb-47a59fafd5f3', NULL, NULL, '909a6f0d-67eb-4fd5-affb-47a59fafd5f3');
INSERT INTO public.plugins (id, name, consumer_id, config, enabled, created_at, route_id, service_id, cache_key, protocols, tags, ws_id) VALUES ('f222643c-bdb9-4edd-9548-37fe2ae33bdc', 'cors', NULL, '{"headers": ["Authorization", "User-Agent", "Accept", "Accept-Version", "Content-Length", "Content-MD5", "Content-Type", "Date"], "max_age": 3600, "methods": ["GET", "POST", "PUT", "DELETE", "PATCH"], "origins": ["*"], "credentials": false, "preflight_continue": false}', true, '2019-09-03 23:05:08+00', '8957238e-b19a-4a2c-8268-7623518e8911', NULL, 'plugins:cors:8957238e-b19a-4a2c-8268-7623518e8911::::909a6f0d-67eb-4fd5-affb-47a59fafd5f3', NULL, NULL, '909a6f0d-67eb-4fd5-affb-47a59fafd5f3');
INSERT INTO public.plugins (id, name, consumer_id, config, enabled, created_at, route_id, service_id, cache_key, protocols, tags, ws_id) VALUES ('9c4fbe6b-3ee6-44fe-a06e-afad86cf1ed8', 'oauth2', NULL, '{"anonymous": "", "provision_key": "R0DT3yGy6TwakEERVhwet3bZDNE85hwf", "mandatory_scope": false, "auth_header_name": "authorization", "hide_credentials": false, "token_expiration": 7200, "refresh_token_ttl": 1209600, "global_credentials": true, "enable_implicit_grant": false, "enable_password_grant": true, "enable_authorization_code": false, "enable_client_credentials": false, "accept_http_if_already_terminated": false}', true, '2019-09-21 08:12:19+00', '8d7be931-0737-4153-9954-dcaaf66c565a', NULL, 'plugins:oauth2:8d7be931-0737-4153-9954-dcaaf66c565a::::909a6f0d-67eb-4fd5-affb-47a59fafd5f3', NULL, NULL, '909a6f0d-67eb-4fd5-affb-47a59fafd5f3');
INSERT INTO public.plugins (id, name, consumer_id, config, enabled, created_at, route_id, service_id, cache_key, protocols, tags, ws_id) VALUES ('9b805856-92ef-48e4-897a-0b86a3683f9d', 'oauth2', NULL, '{"anonymous": "", "provision_key": "WSaDhnlyVudU8S32iXar2bdoQTjITrxf", "mandatory_scope": false, "auth_header_name": "authorization", "hide_credentials": false, "token_expiration": 7200, "refresh_token_ttl": 1209600, "global_credentials": true, "enable_implicit_grant": false, "enable_password_grant": true, "enable_authorization_code": false, "enable_client_credentials": false, "accept_http_if_already_terminated": false}', true, '2020-09-15 03:40:55+00', '2677a4b9-e85b-45f7-bd57-364c36624dfd', NULL, 'plugins:oauth2:2677a4b9-e85b-45f7-bd57-364c36624dfd::::909a6f0d-67eb-4fd5-affb-47a59fafd5f3', NULL, NULL, '909a6f0d-67eb-4fd5-affb-47a59fafd5f3');
INSERT INTO public.plugins (id, name, consumer_id, config, enabled, created_at, route_id, service_id, cache_key, protocols, tags, ws_id) VALUES ('9ded8064-4468-4bb4-82ac-a8c171334634', 'oauth2', NULL, '{"anonymous": "", "provision_key": "A86EtHaZJKBIzj3xjEH88wpKDdPXgWtg", "mandatory_scope": false, "auth_header_name": "authorization", "hide_credentials": false, "token_expiration": 7200, "refresh_token_ttl": 1209600, "global_credentials": true, "enable_implicit_grant": false, "enable_password_grant": true, "enable_authorization_code": false, "enable_client_credentials": false, "accept_http_if_already_terminated": false}', true, '2021-09-29 03:19:27+00', 'd09ce495-381f-402f-af36-7b6c94d5e3b7', NULL, 'plugins:oauth2:d09ce495-381f-402f-af36-7b6c94d5e3b7::::909a6f0d-67eb-4fd5-affb-47a59fafd5f3', NULL, NULL, '909a6f0d-67eb-4fd5-affb-47a59fafd5f3');
INSERT INTO public.plugins (id, name, consumer_id, config, enabled, created_at, route_id, service_id, cache_key, protocols, tags, ws_id) VALUES ('006e778a-a154-4056-aa8c-d396f48980cc', 'acl', NULL, '{"allow": ["admin", "superadmin", "root"], "hide_groups_header": false}', true, '2023-02-10 01:55:13+00', '08476344-7899-4dac-94fe-745bbc81ffed', NULL, 'plugins:acl:08476344-7899-4dac-94fe-745bbc81ffed::::909a6f0d-67eb-4fd5-affb-47a59fafd5f3', NULL, NULL, '909a6f0d-67eb-4fd5-affb-47a59fafd5f3');
INSERT INTO public.plugins (id, name, consumer_id, config, enabled, created_at, route_id, service_id, cache_key, protocols, tags, ws_id) VALUES ('f6964f49-bd0b-419a-9055-aa3216716975', 'acl', NULL, '{"allow": ["root"], "hide_groups_header": false}', true, '2023-03-08 04:07:54+00', '9607dce8-ab00-4746-8068-9eab9bfc2cf0', NULL, 'plugins:acl:9607dce8-ab00-4746-8068-9eab9bfc2cf0::::909a6f0d-67eb-4fd5-affb-47a59fafd5f3', NULL, NULL, '909a6f0d-67eb-4fd5-affb-47a59fafd5f3');
INSERT INTO public.plugins (id, name, consumer_id, config, enabled, created_at, route_id, service_id, cache_key, protocols, tags, ws_id) VALUES ('c21c149f-ac3d-431f-b90b-26318a87abf4', 'acl', NULL, '{"allow": ["root", "superadmin", "admin", "user"], "hide_groups_header": false}', true, '2023-03-15 08:51:19+00', 'd7eb88e4-e80e-440a-9eac-7592eee7e9f2', NULL, 'plugins:acl:d7eb88e4-e80e-440a-9eac-7592eee7e9f2::::909a6f0d-67eb-4fd5-affb-47a59fafd5f3', NULL, NULL, '909a6f0d-67eb-4fd5-affb-47a59fafd5f3');
INSERT INTO public.plugins (id, name, consumer_id, config, enabled, created_at, route_id, service_id, cache_key, protocols, tags, ws_id) VALUES ('80cf76d3-9224-4fa2-b1de-744d7a878249', 'acl', NULL, '{"allow": ["user", "admin", "superadmin", "root"], "hide_groups_header": false}', true, '2019-01-01 10:37:16+00', '7ee2390a-b3f8-49ed-9e07-ed27a92de33c', NULL, 'plugins:acl:7ee2390a-b3f8-49ed-9e07-ed27a92de33c::::909a6f0d-67eb-4fd5-affb-47a59fafd5f3', NULL, NULL, '909a6f0d-67eb-4fd5-affb-47a59fafd5f3');
INSERT INTO public.plugins (id, name, consumer_id, config, enabled, created_at, route_id, service_id, cache_key, protocols, tags, ws_id) VALUES ('505ea0a1-dac8-436a-9159-890c4a277f0f', 'acl', NULL, '{"allow": ["user", "admin", "superadmin", "root"], "hide_groups_header": false}', true, '2022-01-31 03:14:57+00', '14f67b05-b486-4b86-9b2a-b8c28b3e81fe', NULL, 'plugins:acl:14f67b05-b486-4b86-9b2a-b8c28b3e81fe::::909a6f0d-67eb-4fd5-affb-47a59fafd5f3', NULL, NULL, '909a6f0d-67eb-4fd5-affb-47a59fafd5f3');
INSERT INTO public.plugins (id, name, consumer_id, config, enabled, created_at, route_id, service_id, cache_key, protocols, tags, ws_id) VALUES ('619fbb3c-00f2-4b62-abb4-5fdff42f3afe', 'oauth2', NULL, '{"anonymous": "", "provision_key": "HBhBu4gbcQFZozrGPXTC6ATOfRSCFoyX", "mandatory_scope": false, "auth_header_name": "authorization", "hide_credentials": false, "token_expiration": 7200, "refresh_token_ttl": 1209600, "global_credentials": true, "enable_implicit_grant": false, "enable_password_grant": true, "enable_authorization_code": false, "enable_client_credentials": false, "accept_http_if_already_terminated": false}', true, '2022-01-31 03:16:22+00', '14f67b05-b486-4b86-9b2a-b8c28b3e81fe', NULL, 'plugins:oauth2:14f67b05-b486-4b86-9b2a-b8c28b3e81fe::::909a6f0d-67eb-4fd5-affb-47a59fafd5f3', NULL, NULL, '909a6f0d-67eb-4fd5-affb-47a59fafd5f3');
INSERT INTO public.plugins (id, name, consumer_id, config, enabled, created_at, route_id, service_id, cache_key, protocols, tags, ws_id) VALUES ('8e2f3111-7281-4bea-9ced-bcf8061a9cb2', 'oauth2', NULL, '{"anonymous": "", "provision_key": "QYPFsKmk1JhomfPIP7oNuv9btM1KPEEU", "mandatory_scope": false, "auth_header_name": "authorization", "hide_credentials": false, "token_expiration": 7200, "refresh_token_ttl": 1209600, "global_credentials": true, "enable_implicit_grant": false, "enable_password_grant": true, "enable_authorization_code": false, "enable_client_credentials": false, "accept_http_if_already_terminated": false}', true, '2022-10-25 09:43:50+00', '308d2c6f-c699-4d7d-bbbc-f15ca364e912', NULL, 'plugins:oauth2:308d2c6f-c699-4d7d-bbbc-f15ca364e912::::909a6f0d-67eb-4fd5-affb-47a59fafd5f3', NULL, NULL, '909a6f0d-67eb-4fd5-affb-47a59fafd5f3');
INSERT INTO public.plugins (id, name, consumer_id, config, enabled, created_at, route_id, service_id, cache_key, protocols, tags, ws_id) VALUES ('365e7005-33fd-45cb-bfbd-1cd9ac41751d', 'oauth2', NULL, '{"anonymous": "", "provision_key": "dNtb9q4JuyO062jO4X9mpRwzCBba2OXK", "mandatory_scope": false, "auth_header_name": "authorization", "hide_credentials": false, "token_expiration": 7200, "refresh_token_ttl": 1209600, "global_credentials": true, "enable_implicit_grant": false, "enable_password_grant": true, "enable_authorization_code": false, "enable_client_credentials": false, "accept_http_if_already_terminated": false}', true, '2022-10-25 09:45:38+00', '3e6927d8-1b94-4ec9-b55b-631542130d6f', NULL, 'plugins:oauth2:3e6927d8-1b94-4ec9-b55b-631542130d6f::::909a6f0d-67eb-4fd5-affb-47a59fafd5f3', NULL, NULL, '909a6f0d-67eb-4fd5-affb-47a59fafd5f3');
INSERT INTO public.plugins (id, name, consumer_id, config, enabled, created_at, route_id, service_id, cache_key, protocols, tags, ws_id) VALUES ('e944f3eb-02ee-405e-aac9-3207e871f942', 'oauth2', NULL, '{"anonymous": "", "provision_key": "biMfQeC4FYl7n7xwYXgZyNG02hHyVt5q", "mandatory_scope": false, "auth_header_name": "authorization", "hide_credentials": false, "token_expiration": 7200, "refresh_token_ttl": 1209600, "global_credentials": true, "enable_implicit_grant": false, "enable_password_grant": true, "enable_authorization_code": false, "enable_client_credentials": false, "accept_http_if_already_terminated": false}', true, '2022-11-08 03:52:58+00', '172d3563-36af-4342-bd7b-0e599cf42f9b', NULL, 'plugins:oauth2:172d3563-36af-4342-bd7b-0e599cf42f9b::::909a6f0d-67eb-4fd5-affb-47a59fafd5f3', NULL, NULL, '909a6f0d-67eb-4fd5-affb-47a59fafd5f3');
INSERT INTO public.plugins (id, name, consumer_id, config, enabled, created_at, route_id, service_id, cache_key, protocols, tags, ws_id) VALUES ('8611dad8-408f-471f-a381-ac563a9fda63', 'oauth2', NULL, '{"anonymous": "", "provision_key": "isy4onQkKja2oeC2hWjYjmvMYbTLYHTB", "mandatory_scope": false, "auth_header_name": "authorization", "hide_credentials": false, "token_expiration": 7200, "refresh_token_ttl": 1209600, "global_credentials": true, "enable_implicit_grant": false, "enable_password_grant": true, "enable_authorization_code": false, "enable_client_credentials": false, "accept_http_if_already_terminated": false}', true, '2022-11-10 02:31:58+00', 'a57eabce-0db0-4dfb-b999-82962ec0db53', NULL, 'plugins:oauth2:a57eabce-0db0-4dfb-b999-82962ec0db53::::909a6f0d-67eb-4fd5-affb-47a59fafd5f3', NULL, NULL, '909a6f0d-67eb-4fd5-affb-47a59fafd5f3');
INSERT INTO public.plugins (id, name, consumer_id, config, enabled, created_at, route_id, service_id, cache_key, protocols, tags, ws_id) VALUES ('aa6b493e-e1aa-4647-aa3e-68d56b50c7b3', 'oauth2', NULL, '{"anonymous": "", "provision_key": "KD3WiiMebNkOSgrv3TkikvyS55lkH6An", "mandatory_scope": false, "auth_header_name": "authorization", "hide_credentials": false, "token_expiration": 7200, "refresh_token_ttl": 1209600, "global_credentials": true, "enable_implicit_grant": false, "enable_password_grant": true, "enable_authorization_code": false, "enable_client_credentials": false, "accept_http_if_already_terminated": false}', true, '2022-11-10 02:47:10+00', 'bbab5694-34dd-41ba-bfda-9e4941ce3d45', NULL, 'plugins:oauth2:bbab5694-34dd-41ba-bfda-9e4941ce3d45::::909a6f0d-67eb-4fd5-affb-47a59fafd5f3', NULL, NULL, '909a6f0d-67eb-4fd5-affb-47a59fafd5f3');
INSERT INTO public.plugins (id, name, consumer_id, config, enabled, created_at, route_id, service_id, cache_key, protocols, tags, ws_id) VALUES ('b1fc5b61-b170-4c0b-8a9d-733d5de68f28', 'oauth2', NULL, '{"anonymous": "", "provision_key": "Lo1r1RnZLBxgBK90HDwiVjluSgTgzCrM", "mandatory_scope": false, "auth_header_name": "authorization", "hide_credentials": false, "token_expiration": 7200, "refresh_token_ttl": 1209600, "global_credentials": true, "enable_implicit_grant": false, "enable_password_grant": true, "enable_authorization_code": false, "enable_client_credentials": false, "accept_http_if_already_terminated": false}', true, '2022-11-10 02:47:10+00', 'd5bc919d-b60f-490a-bbfc-f9f652b8ac07', NULL, 'plugins:oauth2:d5bc919d-b60f-490a-bbfc-f9f652b8ac07::::909a6f0d-67eb-4fd5-affb-47a59fafd5f3', NULL, NULL, '909a6f0d-67eb-4fd5-affb-47a59fafd5f3');
INSERT INTO public.plugins (id, name, consumer_id, config, enabled, created_at, route_id, service_id, cache_key, protocols, tags, ws_id) VALUES ('29487b84-ba0a-4821-9472-53f67cb3281d', 'cors', NULL, '{"headers": ["Authorization", "User-Agent", "Accept", "Accept-Version", "Content-Length", "Content-MD5", "Content-Type", "Date"], "max_age": 3600, "methods": ["GET", "POST", "PUT", "DELETE", "PATCH"], "origins": ["*"], "credentials": true, "preflight_continue": false}', true, '2023-05-25 08:31:35+00', '0883859a-9d98-4d6f-9025-4b4eb0590958', NULL, 'plugins:cors:0883859a-9d98-4d6f-9025-4b4eb0590958::::909a6f0d-67eb-4fd5-affb-47a59fafd5f3', NULL, NULL, '909a6f0d-67eb-4fd5-affb-47a59fafd5f3');
INSERT INTO public.plugins (id, name, consumer_id, config, enabled, created_at, route_id, service_id, cache_key, protocols, tags, ws_id) VALUES ('0050ea3b-4f63-4896-a7a8-31b1982b578e', 'oauth2', NULL, '{"anonymous": "", "provision_key": "frg61d7lX09oayi0h8Euf92GEG8LT1XB", "mandatory_scope": false, "auth_header_name": "authorization", "hide_credentials": false, "token_expiration": 7200, "refresh_token_ttl": 1209600, "global_credentials": true, "enable_implicit_grant": false, "enable_password_grant": true, "enable_authorization_code": false, "enable_client_credentials": false, "accept_http_if_already_terminated": false}', true, '2023-02-10 01:46:03+00', 'd3607272-7d4f-4362-8496-fe6bae4ac63b', NULL, 'plugins:oauth2:d3607272-7d4f-4362-8496-fe6bae4ac63b::::909a6f0d-67eb-4fd5-affb-47a59fafd5f3', NULL, NULL, '909a6f0d-67eb-4fd5-affb-47a59fafd5f3');
INSERT INTO public.plugins (id, name, consumer_id, config, enabled, created_at, route_id, service_id, cache_key, protocols, tags, ws_id) VALUES ('0f2379b1-7b37-41cf-9f1f-29432955950f', 'oauth2', NULL, '{"anonymous": "", "provision_key": "frg61d7lX09oayi0h8Euf92GEG8LT1XB", "mandatory_scope": false, "auth_header_name": "authorization", "hide_credentials": false, "token_expiration": 7200, "refresh_token_ttl": 1209600, "global_credentials": true, "enable_implicit_grant": false, "enable_password_grant": true, "enable_authorization_code": false, "enable_client_credentials": false, "accept_http_if_already_terminated": false}', true, '2023-02-10 01:55:09+00', '08476344-7899-4dac-94fe-745bbc81ffed', NULL, 'plugins:oauth2:08476344-7899-4dac-94fe-745bbc81ffed::::909a6f0d-67eb-4fd5-affb-47a59fafd5f3', NULL, NULL, '909a6f0d-67eb-4fd5-affb-47a59fafd5f3');
INSERT INTO public.plugins (id, name, consumer_id, config, enabled, created_at, route_id, service_id, cache_key, protocols, tags, ws_id) VALUES ('db189400-77e5-47f2-917f-7e407d31b16c', 'oauth2', NULL, '{"anonymous": "", "provision_key": "zCYWywMDVBRFYFVvgrkbA7JVuDq5piNm", "mandatory_scope": false, "auth_header_name": "authorization", "hide_credentials": false, "token_expiration": 7200, "refresh_token_ttl": 1209600, "global_credentials": true, "enable_implicit_grant": false, "enable_password_grant": true, "enable_authorization_code": false, "enable_client_credentials": false, "accept_http_if_already_terminated": false}', true, '2023-05-25 08:31:02+00', '0883859a-9d98-4d6f-9025-4b4eb0590958', NULL, 'plugins:oauth2:0883859a-9d98-4d6f-9025-4b4eb0590958::::909a6f0d-67eb-4fd5-affb-47a59fafd5f3', NULL, NULL, '909a6f0d-67eb-4fd5-affb-47a59fafd5f3');
INSERT INTO public.plugins (id, name, consumer_id, config, enabled, created_at, route_id, service_id, cache_key, protocols, tags, ws_id) VALUES ('12162462-f054-4d51-85d4-af6912940458', 'acl', NULL, '{"allow": ["admin", "superadmin", "root"], "hide_groups_header": false}', true, '2019-04-15 03:26:31+00', '67d97772-207c-4946-a499-f081ec6d8ce6', NULL, 'plugins:acl:67d97772-207c-4946-a499-f081ec6d8ce6::::909a6f0d-67eb-4fd5-affb-47a59fafd5f3', NULL, NULL, '909a6f0d-67eb-4fd5-affb-47a59fafd5f3');
INSERT INTO public.plugins (id, name, consumer_id, config, enabled, created_at, route_id, service_id, cache_key, protocols, tags, ws_id) VALUES ('16233992-dce8-4b1c-bcbb-a56c4784e213', 'acl', NULL, '{"allow": ["user", "admin", "superadmin", "root"], "hide_groups_header": false}', true, '2020-09-15 03:40:49+00', '2677a4b9-e85b-45f7-bd57-364c36624dfd', NULL, 'plugins:acl:2677a4b9-e85b-45f7-bd57-364c36624dfd::::909a6f0d-67eb-4fd5-affb-47a59fafd5f3', NULL, NULL, '909a6f0d-67eb-4fd5-affb-47a59fafd5f3');
INSERT INTO public.plugins (id, name, consumer_id, config, enabled, created_at, route_id, service_id, cache_key, protocols, tags, ws_id) VALUES ('c8dfb57b-6b95-4f33-9737-0c20de67acf6', 'acl', NULL, '{"allow": ["user", "admin", "superadmin", "root"], "hide_groups_header": false}', true, '2021-09-29 03:34:29+00', 'a1e272d6-28de-46be-9edd-3100fa014ab3', NULL, 'plugins:acl:a1e272d6-28de-46be-9edd-3100fa014ab3::::909a6f0d-67eb-4fd5-affb-47a59fafd5f3', NULL, NULL, '909a6f0d-67eb-4fd5-affb-47a59fafd5f3');
INSERT INTO public.plugins (id, name, consumer_id, config, enabled, created_at, route_id, service_id, cache_key, protocols, tags, ws_id) VALUES ('32ddabe3-3f18-45c4-be6f-2cccf40b0484', 'acl', NULL, '{"allow": ["root", "superadmin", "admin", "user"], "hide_groups_header": false}', true, '2022-11-10 02:31:58+00', 'a57eabce-0db0-4dfb-b999-82962ec0db53', NULL, 'plugins:acl:a57eabce-0db0-4dfb-b999-82962ec0db53::::909a6f0d-67eb-4fd5-affb-47a59fafd5f3', NULL, NULL, '909a6f0d-67eb-4fd5-affb-47a59fafd5f3');
INSERT INTO public.plugins (id, name, consumer_id, config, enabled, created_at, route_id, service_id, cache_key, protocols, tags, ws_id) VALUES ('ea880661-c373-49fb-94a0-e354eb1a1a82', 'acl', NULL, '{"allow": ["admin", "superadmin", "root"], "hide_groups_header": false}', true, '2023-02-10 01:54:47+00', '9619d674-e597-4374-a57f-43dd3a77c69b', NULL, 'plugins:acl:9619d674-e597-4374-a57f-43dd3a77c69b::::909a6f0d-67eb-4fd5-affb-47a59fafd5f3', NULL, NULL, '909a6f0d-67eb-4fd5-affb-47a59fafd5f3');
INSERT INTO public.plugins (id, name, consumer_id, config, enabled, created_at, route_id, service_id, cache_key, protocols, tags, ws_id) VALUES ('ae30d973-f7ad-44b6-9f81-c30498811357', 'cors', NULL, '{"headers": ["Authorization", "User-Agent", "Accept", "Accept-Version", "Content-Length", "Content-MD5", "Content-Type", "Date"], "max_age": 3600, "methods": ["GET", "POST", "PUT", "DELETE", "PATCH"], "origins": ["*"], "credentials": true, "exposed_headers": null, "preflight_continue": false}', true, '2023-09-12 09:35:10+00', 'f834377e-4a19-4dc2-8173-b512ebb8389a', NULL, 'plugins:cors:f834377e-4a19-4dc2-8173-b512ebb8389a::::909a6f0d-67eb-4fd5-affb-47a59fafd5f3', '{grpc,grpcs,http,https}', NULL, '909a6f0d-67eb-4fd5-affb-47a59fafd5f3');
INSERT INTO public.plugins (id, name, consumer_id, config, enabled, created_at, route_id, service_id, cache_key, protocols, tags, ws_id) VALUES ('89b8db80-1ca7-4ad0-8340-3e1a96c56511', 'cors', NULL, '{"headers": ["Authorization", "User-Agent", "Accept", "Accept-Version", "Content-Length", "Content-MD5", "Content-Type", "Date"], "max_age": 3600, "methods": ["GET", "POST", "PUT", "DELETE", "PATCH"], "origins": ["*"], "credentials": true, "exposed_headers": null, "preflight_continue": false}', true, '2023-09-12 09:35:51+00', '1f43323d-8748-4fd9-ae13-faa0666820fd', NULL, 'plugins:cors:1f43323d-8748-4fd9-ae13-faa0666820fd::::909a6f0d-67eb-4fd5-affb-47a59fafd5f3', '{grpc,grpcs,http,https}', NULL, '909a6f0d-67eb-4fd5-affb-47a59fafd5f3');
INSERT INTO public.plugins (id, name, consumer_id, config, enabled, created_at, route_id, service_id, cache_key, protocols, tags, ws_id) VALUES ('e5645bec-45dc-4a31-bbd1-bbce21155306', 'cors', NULL, '{"headers": ["Authorization", "User-Agent", "Accept", "Accept-Version", "Content-Length", "Content-MD5", "Content-Type", "Date"], "max_age": 3600, "methods": ["GET", "POST", "PUT", "DELETE", "PATCH"], "origins": ["*"], "credentials": true, "exposed_headers": null, "preflight_continue": false}', true, '2023-09-12 09:36:35+00', 'dc0bfe06-d9ee-494b-86a9-e8b8a5cfb6b2', NULL, 'plugins:cors:dc0bfe06-d9ee-494b-86a9-e8b8a5cfb6b2::::909a6f0d-67eb-4fd5-affb-47a59fafd5f3', '{grpc,grpcs,http,https}', NULL, '909a6f0d-67eb-4fd5-affb-47a59fafd5f3');
INSERT INTO public.plugins (id, name, consumer_id, config, enabled, created_at, route_id, service_id, cache_key, protocols, tags, ws_id) VALUES ('f0329cae-007b-4525-be31-641c6bbb761f', 'cors', NULL, '{"headers": ["Authorization", "User-Agent", "Accept", "Accept-Version", "Content-Length", "Content-MD5", "Content-Type", "Date"], "max_age": 3600, "methods": ["GET", "POST", "PUT", "DELETE", "PATCH"], "origins": ["*"], "credentials": true, "exposed_headers": null, "preflight_continue": false}', true, '2023-09-12 09:36:59+00', '19fbd628-b8a8-455c-a65b-4a5a06a37c4c', NULL, 'plugins:cors:19fbd628-b8a8-455c-a65b-4a5a06a37c4c::::909a6f0d-67eb-4fd5-affb-47a59fafd5f3', '{grpc,grpcs,http,https}', NULL, '909a6f0d-67eb-4fd5-affb-47a59fafd5f3');
INSERT INTO public.plugins (id, name, consumer_id, config, enabled, created_at, route_id, service_id, cache_key, protocols, tags, ws_id) VALUES ('e1f53d05-4fac-428c-bf60-8146518c5756', 'cors', NULL, '{"headers": ["Authorization", "User-Agent", "Accept", "Accept-Version", "Content-Length", "Content-MD5", "Content-Type", "Date"], "max_age": 3600, "methods": ["GET", "POST", "PUT", "DELETE", "PATCH"], "origins": ["*"], "credentials": true, "exposed_headers": null, "preflight_continue": false}', true, '2023-09-12 09:37:26+00', 'ad663b73-1dea-4810-a998-022a27772238', NULL, 'plugins:cors:ad663b73-1dea-4810-a998-022a27772238::::909a6f0d-67eb-4fd5-affb-47a59fafd5f3', '{grpc,grpcs,http,https}', NULL, '909a6f0d-67eb-4fd5-affb-47a59fafd5f3');
INSERT INTO public.plugins (id, name, consumer_id, config, enabled, created_at, route_id, service_id, cache_key, protocols, tags, ws_id) VALUES ('214bf5d8-2021-467f-a73b-4367750c29a9', 'cors', NULL, '{"headers": ["Authorization", "User-Agent", "Accept", "Accept-Version", "Content-Length", "Content-MD5", "Content-Type", "Date"], "max_age": 3600, "methods": ["GET", "POST", "PUT", "DELETE", "PATCH"], "origins": ["*"], "credentials": true, "exposed_headers": null, "preflight_continue": false}', true, '2023-09-12 09:37:54+00', '53cc1cfa-a217-4019-be92-c4d2acd0a0ef', NULL, 'plugins:cors:53cc1cfa-a217-4019-be92-c4d2acd0a0ef::::909a6f0d-67eb-4fd5-affb-47a59fafd5f3', '{grpc,grpcs,http,https}', NULL, '909a6f0d-67eb-4fd5-affb-47a59fafd5f3');
INSERT INTO public.plugins (id, name, consumer_id, config, enabled, created_at, route_id, service_id, cache_key, protocols, tags, ws_id) VALUES ('101ad4e4-2cb7-46e7-9e13-58704229aff9', 'cors', NULL, '{"headers": ["Authorization", "User-Agent", "Accept", "Accept-Version", "Content-Length", "Content-MD5", "Content-Type", "Date"], "max_age": 3600, "methods": ["GET", "POST", "PUT", "DELETE", "PATCH"], "origins": ["*"], "credentials": true, "exposed_headers": null, "preflight_continue": false}', true, '2023-09-12 09:38:45+00', '977af3f1-adb8-4c40-b75a-ad885e43198b', NULL, 'plugins:cors:977af3f1-adb8-4c40-b75a-ad885e43198b::::909a6f0d-67eb-4fd5-affb-47a59fafd5f3', '{grpc,grpcs,http,https}', NULL, '909a6f0d-67eb-4fd5-affb-47a59fafd5f3');
